NAME|LATITUDE|LONGITUDE
MA203|42.4382308104|-72.6872268715
MA201|42.4724074012|-72.0762316358
MA202|42.4031982897|-71.9200316230
NH203|43.1337129243|-71.5586121019
NH201|43.5250386044|-72.2667472751
ME301|46.4136440848|-69.9342601192
ME302|46.0365143474|-69.5500694954
WI500|42.8353310000|-89.4158355000
MN600|43.9550530000|-96.1669505000
ND502|48.5591429034|-99.7624290001
ND504|47.8588770000|-100.6709415000
ND503|47.8945595004|-100.0921015820
ND501|48.5101950000|-100.1706390000
ND500|48.4785425000|-100.5624340000
ND505|47.6312265000|-100.3116525000
SD500|44.8858535000|-96.8038910000
SD501|45.1601610000|-97.1157925000
MN601|43.7945050000|-96.0959045000
IA500|43.1464415000|-93.6568005000
IA502|42.3193297807|-93.3176429204
IA503|41.9158365000|-93.5421965000
IA506|43.1696175000|-96.3144815000
MN602|44.0926805000|-92.8029695000
WI503|43.6245020000|-88.3918055000
WI502|44.2084925843|-91.2333034192
WI501|43.3031788692|-89.4370898118
IA505|42.6266845000|-95.4518990000
IA504|42.7778115000|-95.2046605000
IA501|42.6020530000|-93.5863425000
UT130|40.8637769594|-110.4496909370
CO122|40.7782688718|-107.2724639840
UT134|40.7116363186|-110.4590591440
CO135|39.0982817744|-106.7994473140
CO141|37.5732493952|-107.8188151820
CO143|37.5257405499|-107.2746626960
AK502|59.3805449756|-151.4173789720
AK503|60.3269682429|-152.6232604210
AK504|60.3247508438|-148.9420794430
AK506|60.7125452902|-152.9615931110
AK507|61.2413710627|-151.7888015800
AK508|61.9409942797|-148.3097675080
AK509|61.8262622884|-148.1209514060
AK518|61.8256140832|-147.2977009960
AK511|61.8242495818|-146.5730223740
AK514|61.6000169439|-145.1238323460
AK515|61.8932049730|-144.7454524030
AK516|61.3312313667|-144.2690328310
AK517|61.4483616669|-143.4699627010
AK519|63.0957301277|-152.8542506430
AK520|63.4322550246|-151.9356229840
AK521|63.3951792007|-150.8120386350
AK522|62.1423375309|-151.1883289280
AK523|62.3205598823|-150.7761767560
AK524|62.4923540153|-150.0762630640
AK525|62.7642030289|-149.7821332920
AK526|62.9007698665|-149.2140175360
AK528|63.2703238095|-149.2667096350
AK529|63.3111388471|-148.2344478410
AK530|63.0220678042|-147.8240344160
AK531|62.3409894237|-147.6809828780
AK532|62.1022510209|-147.2931996170
AK533|63.1334998085|-146.6503035570
AK534|62.7589789121|-146.2627210020
AK535|63.4282819793|-145.7611521130
AK537|62.6507638155|-145.4726418870
AK538|62.5052340911|-144.8227352570
AK541|64.1492246834|-153.2926254540
AK542|64.0485376938|-152.9038057040
AK544|63.6180422115|-150.2027421670
AK545|64.1177481670|-152.2259220760
AK546|64.2389343509|-151.6272338330
AK547|64.5325172062|-152.0102644990
AK548|64.7151849241|-150.5758946500
AK551|64.1555080356|-148.2413685650
AK552|64.2206824993|-148.8051268700
AK553|64.4939957140|-149.7206289980
AK554|64.7048813848|-148.7224194970
AK555|64.8692324448|-148.7061389190
AK557|64.4624329854|-147.4124058480
AK559|63.8895577436|-145.1115432690
AK560|63.6892074994|-144.3681780230
AK563|64.2010247730|-144.3316663320
AK564|64.4275107170|-146.3746853400
AK565|65.7398618449|-152.1105690110
AK566|65.3191836829|-151.7259721330
AK568|65.7872774431|-150.7605708120
AK569|65.4447878214|-150.5807202010
AK570|65.1831151058|-150.4909341560
AK571|66.1123459568|-153.4124969740
AK572|66.5398262817|-153.1479185050
AK573|66.2593523815|-152.7193333110
AK574|65.8853580811|-151.3984395830
AK575|66.1289131195|-150.6834921670
AK576|66.3808237643|-150.5171927270
AK579|65.4794393885|-149.1848464360
AK580|65.7526615583|-149.6275998920
AK581|65.4007266955|-147.9574123040
AK582|65.3004812182|-147.2827564730
AK583|65.8113277787|-147.2177966000
AK584|66.4470125586|-149.4425926770
AK587|65.5988112776|-145.9684981870
AK588|65.8659449155|-145.8877545130
AK590|65.2992435810|-145.0166422230
AK591|65.7777313033|-144.5520799090
AK593|65.6387473547|-143.5112001190
AK594|66.7486821502|-152.0462690170
AK595|66.7018896032|-150.6313527460
AK596|67.1146424431|-151.6338145130
AK597|67.1950959989|-150.2578109210
AK598|66.6702195508|-149.6541134930
AK599|66.7907516953|-149.0331035770
AK602|67.2977914089|-147.6048527360
AK604|66.6222500041|-147.5142807900
AK605|67.7921332517|-148.3691483850
AK606|67.7835878579|-147.3074562810
AK607|67.2400081165|-146.1146652430
AK608|67.8711393032|-145.9379392870
AK609|67.4700198761|-145.1218051950
AK611|67.7567803106|-144.2563545130
AK612|67.5954557826|-143.2968038480
AK615|68.4677339954|-152.4311478740
AK617|68.7481709191|-152.6022180320
AK619|68.8901143908|-150.8277566910
AK623|68.0803095735|-147.6584683980
AK628|68.1756963385|-144.4515248210
AK630|68.8073286180|-146.2913262220
AK633|69.4152925658|-146.3447294620
AK634|69.1700032936|-145.5548913450
AK635|69.1541802044|-144.5968857870
AK636|69.5644160320|-144.3919958420
AK645|69.6700224823|-145.2949254830
AK647|69.4673390262|-143.7076320190
AK501|59.8566541569|-151.2339066380
AK505|59.7693147304|-151.2072091540
AK624|68.6603670719|-149.2153735730
AK622|68.5912207589|-149.2832365700
AK631|68.0251569316|-149.5425158460
AK577|65.8585277112|-148.9285125200
AK585|65.6583324080|-146.1628831340
AK309|62.8267544927|-156.4615012950
AK440|62.2447191372|-143.2059860730
AK441|62.3880082866|-142.8983598650
AK442|62.4529085209|-142.0913036020
AK443|62.1787704082|-142.3214845970
AK444|62.0509465790|-142.0041132640
AK423|62.8241064371|-142.9371235750
AK419|63.3583692993|-144.0099370990
AK420|63.2868172375|-143.3593440640
AK418|63.5784203265|-144.6415403550
AK422|62.8816507508|-143.1845625860
AK243|65.1526771103|-143.6509634570
AK427|64.0531801659|-142.6888624640
AK429|64.4854577313|-141.6051255170
AK430|64.1000440261|-141.4239790790
AK428|64.2053034430|-141.9167721660
AK231|68.8781061740|-144.2136131630
AK230|68.5507145623|-144.4859667260
AK229|68.3526223421|-146.4755181200
AK228|68.2935493572|-146.9053689660
AK227|68.0259987203|-148.4377246520
AK226|68.0729003294|-149.2382234410
AK201|68.5547729160|-151.6146988900
AK202|68.2675878182|-151.2559500950
AK205|68.2302425240|-150.0983373180
AK203|68.4452069345|-150.5214273030
AK206|68.6752920080|-149.2965873820
AK207|68.8570283012|-148.5384352210
AK210|68.2440007382|-149.0287881680
AK204|68.2370761380|-150.6811944840
AK209|68.3972974658|-148.5952252930
AK208|68.6302603595|-147.9815492520
AK212|67.7588955577|-153.1593803290
AK217|67.8590711107|-151.9799427680
AK218|67.8861333413|-151.6080206990
AK222|67.8365252495|-150.4933830920
AK223|67.7639956552|-150.3170075800
AK216|68.0286182362|-152.5900495980
AK214|67.5858457811|-152.7551367760
AK220|67.4313422181|-151.1596603040
AK211|67.6660800275|-153.9335039190
AK225|67.4181965688|-149.5287812300
AK224|67.3368857196|-149.8098350740
AK221|67.6794718109|-151.0181920470
AK215|67.4303104673|-152.5154736900
AK219|67.6590935340|-151.6586561400
AK121|66.9580663830|-155.1348263740
AK115|67.0060244560|-156.7079960040
AK120|67.0097147161|-155.7648289390
AK117|67.3313401774|-155.4525154200
AK119|67.1511954548|-155.1633915820
AK118|67.2876734620|-155.0671303430
AK116|67.3439649272|-156.0480781490
AK122|67.1226767349|-154.1113691160
AK213|67.4863901593|-153.0678812390
AK101|64.8733353865|-165.4397483800
AK107|65.1853732720|-162.7312244450
AK102|64.8184125613|-164.9754076940
AK103|64.9085700520|-164.4273506290
AK105|64.9786678945|-163.6392717950
AK106|65.3001880198|-163.4714749350
AK104|65.1539807903|-163.9843783800
AK109|64.7891961093|-159.3414087960
AK108|64.9585914720|-159.7992083510
AK110|64.4797871884|-159.8416938970
AK112|64.3397495193|-159.4508906490
AK114|63.8567417838|-159.8321979450
AK113|64.1255387933|-159.4058032300
AK111|64.5427863110|-159.4318632060
AK232|67.1078290532|-141.2709235380
YT102|67.1593458024|-140.5186358640
YT101|67.3395122255|-140.7076526990
YT104|67.0264261152|-139.9087385930
YT103|67.2679069724|-139.8541777430
YT110|65.7395317992|-139.5656977520
YT112|65.7396574042|-138.4870545560
YT111|65.7481605445|-138.8923161810
YT105|66.6591448030|-140.6620838260
YT107|66.3077042668|-140.1565153100
YT109|65.6993115631|-140.0776117420
YT106|66.4295659795|-140.1017583130
YT108|65.8757122681|-140.4641783640
AK426|64.2472197489|-142.6060548710
EX317|40.4367917372|-106.5468005330
EX311|40.5398383683|-106.5785249970
EX102|39.9411010742|-105.8170839220
EX101|39.9953183289|-105.8607418770
EX103|39.9832954714|-105.9154373050
EX301|40.3862244971|-106.6864199250
EX322|40.4102645557|-106.6824665980
EX302|40.4212861849|-106.6780696290
EX318|40.4021624715|-106.7032516300
EX306|40.3423743879|-106.7196751530
EX313|40.3774247199|-106.6264632980
EX315|40.5140289963|-106.6449029850
EX312|40.4135810351|-106.7162938190
EX305|40.3884212381|-106.8116053950
EX304|40.3853543323|-106.8315989900
EX303|40.3682136801|-106.8234111790
EX319|40.4364750712|-106.5748647230
EX320|40.4388514993|-106.5871777650
EX310|40.5339954597|-106.6258647000
EX321|40.4986001170|-106.7112235410
EX308|40.5082261923|-106.7261450470
EX314|40.5240122271|-106.7288340820
EX309|40.5514413394|-106.7564562670
EX307|40.4432848293|-106.6750691030
EX316|40.4763166133|-106.6985995490
EX105|39.9407306306|-105.9080768570
EX104|39.9803960778|-106.0037503180
EX117|39.9417579672|-105.8010615550
EX108|39.8538368269|-106.0170088710
EX107|39.8817948235|-105.9144556370
EX111|39.7764029477|-105.9778254730
EX115|39.8206031923|-105.7993450240
EX116|39.8394902115|-105.7530652680
EX114|39.8377186276|-105.8153367360
EX112|39.8732636035|-105.8555624030
EX122|39.8804003365|-105.8698733070
EX109|39.8528517065|-105.9090512690
EX110|39.8411733802|-105.9014229410
EX123|39.9406979685|-105.8479549760
EX121|39.9961552774|-105.7760069870
EX120|39.9866143140|-105.7549186730
EX119|39.9474605161|-105.7635443980
EX118|39.9165025355|-105.7499575990
EX113|39.8572390310|-105.8218245630
EX106|39.9094620097|-105.9822756200
EX201|40.7686157227|-106.4454727170
EX202|40.6876544953|-106.4454727170
EX203|40.6066551209|-106.4454727170
EX204|40.6066551209|-106.4221038820
EX205|40.6876296997|-106.4221267700
EX206|40.7686405182|-106.4221038820
EX207|40.7686157227|-106.3988189700
EX208|40.6876296997|-106.3988456730
EX209|40.6066551209|-106.3988456730
EX210|40.6066551209|-106.3754501340
EX211|40.6876296997|-106.3754806520
EX212|40.7686405182|-106.3754806520
EX213|40.7686405182|-106.3521156310
EX214|40.6876296997|-106.3521156310
EX215|40.6066551209|-106.3520812990
EX216|40.6066551209|-106.3287734990
EX217|40.6876296997|-106.3287734990
EX218|40.7686157227|-106.3287277220
EX219|40.7686500550|-106.3054237370
EX220|40.6876640320|-106.3053970340
EX221|40.6067047119|-106.3053970340
EX222|40.6066303253|-106.2820625310
EX223|40.6876544953|-106.2820968630
EX224|40.7686901093|-106.2820892330
EX225|40.7686405182|-106.2587738040
EX226|40.6876792908|-106.2587738040
EX227|40.6066799164|-106.2587738040
EX228|40.6066799164|-106.2354278560
EX229|40.6876640320|-106.2354278560
EX230|40.7686500550|-106.2354278560
EX231|40.7686252594|-106.2120971680
EX232|40.6876392365|-106.2120628360
EX233|40.6066551209|-106.2120285030
EX234|40.6067047119|-106.1887817380
EX235|40.6876792908|-106.1887741090
EX236|40.7686653137|-106.1887664790
EX237|40.7686252594|-106.1654281620
EX238|40.6876392365|-106.1654396060
EX239|40.6066551209|-106.1654510500
EX240|40.6066551209|-106.1421203610
EX241|40.6876392365|-106.1421203610
EX242|40.7686500550|-106.1421203610
EX243|40.7686500550|-106.1304702760
EX244|40.6876201630|-106.1304702760
EX245|40.6065959931|-106.1304359440
EX246|40.6066455841|-106.1537780760
EX247|40.6876201630|-106.1537780760
EX248|40.7686252594|-106.1537780760
EX249|40.7686309815|-106.1771163940
EX250|40.6876010895|-106.1770935060
EX251|40.6066207886|-106.1770706180
EX252|40.6066207886|-106.2004470830
EX253|40.6876201630|-106.2004470830
EX254|40.7686252594|-106.2004470830
EX255|40.7686252594|-106.2238121030
EX256|40.6876201630|-106.2237777710
EX257|40.6066207886|-106.2237777710
EX258|40.6066207886|-106.2471237180
EX259|40.6876201630|-106.2471237180
EX260|40.7686252594|-106.2471237180
EX261|40.7686309815|-106.2704315190
EX262|40.6875762940|-106.2704315190
EX263|40.6065959931|-106.2704315190
EX264|40.6066207886|-106.2937698360
EX265|40.6876449585|-106.2937431340
EX266|40.7686500550|-106.2937431340
EX267|40.7685985565|-106.3171005250
EX268|40.6875953675|-106.3171005250
EX269|40.6066455841|-106.3171005250
EX270|40.6066455841|-106.3404006960
EX271|40.6876201630|-106.3404006960
EX272|40.7686252594|-106.3404312130
EX273|40.7686004639|-106.3637695310
EX274|40.6876201630|-106.3637695310
EX275|40.6066455841|-106.3637695310
EX276|40.6066455841|-106.3870544430
EX277|40.6876449585|-106.3870544430
EX278|40.7686500550|-106.3870773320
EX279|40.7685737610|-106.4104232790
EX280|40.6876201630|-106.4104232790
EX281|40.6066455841|-106.4104232790
EX282|40.6066455841|-106.4337844850
EX283|40.6875762940|-106.4338226320
EX284|40.7685546875|-106.4337844850
SK108|51.9349903822|-102.8229639650
SK109|51.6946120146|-102.4398133970
SK107|51.4757703234|-103.2019184410
SK105|51.0807786356|-102.2579013560
BC110|50.8545244035|-115.7414985900
MB130|50.7599995316|-101.1569898600
MB131|50.6242113437|-100.4781488610
MB129|50.4856766129|-100.7839198810
BC107|50.5102168508|-114.9935405910
MB115|50.4479945059|-97.2582542043
BC106|50.4377335120|-115.1881235280
MB132|50.3327360890|-100.1627995740
MB128|50.3367482192|-101.0450733860
SK104|50.3057821799|-101.6773576780
LS471|50.2640491041|-88.1768534935
MB127|50.2777274723|-100.6086927920
LS480|50.2262305585|-89.1191591835
MB116|50.0834308019|-96.6709712592
MB114|50.1232809313|-97.5424327926
MB121|49.9746985571|-98.7915518285
MB120|49.9071515820|-99.5913946840
MB126|49.9180450697|-100.2764824790
SK102|49.9406121601|-101.6606158130
MB113|49.8916529073|-97.7470875463
BC105|49.8949108066|-115.4709224910
MB119|49.8189572222|-99.0515158502
BC111|49.8870643439|-116.4676671400
BC104|49.8722687473|-115.1472036810
SK307|49.7406075372|-103.0166089810
LS461|49.6860208539|-87.2683905275
LS482|49.6538008617|-89.1777484991
MB124|49.5825994850|-100.7474030360
MB118|49.5712698080|-99.4738065433
BC114|49.6687780356|-120.5716816790
MB111|49.5872511600|-96.5876962384
LS483|49.5528022510|-89.1525856231
MB112|49.5905503827|-97.5701327575
MB117|49.5835031845|-98.3542397685
MB133|49.5716856876|-98.5435185794
SK312|49.5134271905|-104.1347599390
BC103|49.5250209315|-114.7021165210
MB125|49.4502765875|-100.2522952550
SK101|49.4929964758|-101.6918785260
SK308|49.5299462959|-102.2477982410
BC113|49.5316053096|-120.1175379070
SK318|49.4028966927|-102.2990734820
SK305|49.4573159798|-103.8795007650
LS485|49.4033250909|-89.5546444631
MB109|49.3602524810|-97.8216956858
MB110|49.4038145874|-97.2741890097
BC115|49.3658397729|-120.9550518230
LS253|49.4250913301|-86.7086112608
MB106|49.3198468901|-96.5946557556
SK319|49.3370916764|-102.2821747380
MB102|49.2673206463|-98.7475068256
AB103|49.2073292354|-112.6652171450
MB101|49.1886513291|-98.4321816440
MB122|49.1898605271|-100.3868663460
MB123|49.2169617290|-101.1353597780
MB108|49.1871539937|-97.6521083713
AB107|49.1563491751|-111.6758120950
SK313|49.1536633090|-103.6299607210
MB107|49.1381593731|-96.8787923288
AB105|49.1120681326|-112.1343462120
AB108|49.1005790515|-110.6065384390
MB103|49.1239783187|-99.0671685708
LS494|49.1243483658|-89.0997674283
MB104|49.1225402085|-99.6681800358
BC116|49.0588003696|-120.7257123380
AB104|49.0560837477|-112.5384044610
BC102|49.1033638037|-114.8900155540
AB102|49.0989980013|-112.7746206820
SK304|49.1019941221|-103.5040208510
AB109|49.1169956863|-111.2917386360
AB106|49.0244901232|-111.8247079500
AB101|49.0226871224|-112.9100739440
SK301|49.0901569449|-102.0349151890
MT101|48.9566475828|-112.7606983440
ND104|48.8899434763|-102.6669806140
ND103|48.8903787353|-103.1480528020
ND106|48.8891530948|-102.3925874410
MT102|48.9390643924|-111.9413618780
MT104|48.9019739871|-113.0289216230
WA110|48.8675947325|-119.8874726970
ND105|48.9138171658|-102.2460824140
ND117|48.8162875979|-100.5724995220
MN272|48.8407942451|-95.2120186892
ND214|48.8001917550|-97.5235603667
ND116|48.8015007534|-100.1933889910
ND215|48.7988674987|-97.3409323285
ND125|48.7671602973|-101.9121987170
ND122|48.8356813430|-101.2914873470
ND109|48.8572070885|-101.6344327660
ND114|48.7596963555|-101.3967693760
ND208|48.7544865870|-98.6390838739
ND209|48.7575221058|-98.2462129410
WA109|48.8720860549|-120.6645179700
ID153|48.6891618831|-117.0433281400
ND113|48.6728262341|-100.9563222880
MT105|48.7492268145|-112.7614348300
MT313|48.7556557149|-115.0779965960
MT106|48.6987930399|-112.9740240130
ND115|48.6261740977|-101.4836092500
ND107|48.6852189936|-102.2225532440
ND221|48.6061792514|-97.7426805163
LS234|48.6605571131|-85.4476762475
MN116|48.6496222227|-96.5768286154
WA102|48.6134079705|-117.7804035250
ND128|48.5707032429|-102.8536704060
LS405|48.6312945424|-89.0912450474
MN224|48.4798858517|-95.6774953724
LS231|48.4710887787|-84.8597619206
MN102|48.5497835339|-96.9008017340
MN225|48.4448618355|-95.8824785446
ND217|48.5140767800|-97.4546437260
MN226|48.4285627105|-95.6667906073
ID154|48.4944736255|-117.1245177490
MN273|48.4837419278|-94.5697471116
LS202|48.5267815322|-89.7467284280
ND127|48.4840696814|-102.9210189740
ND126|48.4798552667|-102.7829544830
MT312|48.3829675466|-115.1891708060
ND110|48.4444777579|-101.7322368910
ND231|48.3982873827|-98.8914212542
ND102|48.3472826260|-103.3994550600
ND101|48.4550429120|-103.6171829740
MN103|48.3857023882|-96.8448895722
ND120|48.4021633191|-101.8219900080
ND130|48.3082669583|-101.6156869890
MN228|48.2994708175|-95.6900984660
MN227|48.3307267760|-95.7510759098
MN230|48.2778076492|-95.4761850255
ND111|48.2815190922|-101.6503606310
ND129|48.2784684714|-101.4513529560
MN229|48.2599221751|-95.6215870699
MN104|48.2747962562|-96.8072211937
WA104|48.2276647884|-117.9677621340
ND204|48.2209097096|-99.0788185530
MT310|48.1902758617|-114.8320446560
ND244|48.2861044537|-98.1259429575
MN274|48.1480162919|-93.7500915165
LS426|48.1960721504|-84.8390880462
MN275|48.1275432750|-93.3469188964
MT309|48.1470613107|-115.5588726030
MT311|48.1759789002|-115.0596453810
ND213|48.1857679499|-98.3659727979
ND219|48.1466925148|-97.4619062921
WA103|48.1138967828|-117.6340832960
ND246|47.9513756151|-99.3683688676
ND124|47.9442981055|-101.7755958060
MN276|47.8447276892|-93.7084459717
ND224|47.8368683640|-98.6521851389
SJ118|47.8462937271|-68.8130069552
ND123|47.8101504337|-103.1021325050
ND228|47.8389201430|-97.6308445292
LS308|47.8982278919|-90.2661775645
ND235|47.7786353010|-97.2067896415
MN277|47.8688314340|-92.8804768313
ND238|47.8536548767|-97.2015935624
SJ119|47.8010995868|-68.6438703526
ND225|47.7735146699|-98.2816806108
ND237|47.8103953489|-99.5045404712
MN235|47.7514743427|-95.5692929676
ID149|47.7551795219|-116.1467434200
ND222|47.6942181841|-99.9121701315
WA105|47.8236391451|-118.6662880400
MN107|47.6833175861|-96.5568747876
LS110|47.6952007461|-90.8583953414
ND229|47.5997620198|-97.4469738689
SJ121|47.6292869312|-68.6493766401
MN237|47.5885176657|-95.2771306180
MN278|47.5469273851|-92.9299088585
MN121|47.5228045754|-96.6728135042
SJ126|47.5451164525|-69.4240283518
LS420|47.6154156242|-84.8308704799
ND419|47.4945901691|-97.2022562464
ND223|47.5659635997|-99.1102908628
ND401|47.4708496131|-99.5223817122
ID151|47.4741399606|-116.2163942720
WA101|47.4458200770|-117.2334409590
SJ132|47.4797830468|-68.6636331417
ND403|47.4470692665|-98.5420218925
LS120|47.4610449267|-91.3129973824
SJ101|47.4167377619|-67.0958938387
MN240|47.3889970079|-95.9778447117
ND303|47.3375503995|-102.4837494550
ND309|47.3636596908|-101.9229089060
SJ106|47.3088069198|-67.9282443183
SJ134|47.3317309020|-68.1483167521
SJ129|47.3059799796|-68.7226933267
LS385|47.2902820180|-88.2912475145
ND302|47.2924604439|-102.7660445820
ND301|47.2745517768|-103.2154037060
SJ105|47.2486373384|-67.7502481805
ND402|47.2490056955|-98.9805744642
SJ103|47.2501907151|-67.1460301932
ND324|47.1162889064|-101.2567053960
ND305|47.2050528795|-101.4160603350
SJ131|47.1674457585|-68.6087576001
MN260|47.1618798646|-93.3260012300
SJ130|47.1034613017|-68.9447923782
MT306|47.0953709208|-113.5262039910
MN259|47.1001162245|-93.8408703210
SJ133|47.1167095950|-68.2730903874
SJ104|47.1005483740|-67.2685576794
ND323|47.0970225668|-100.7818198850
LS195|47.0449051005|-90.4202943526
ND307|47.1346659048|-101.7923500260
MN245|46.9167334621|-95.1527085278
SJ107|46.9226970282|-67.2672581775
MN244|46.8991896929|-95.3406684705
ND321|46.8679845015|-101.5992242660
SJ138|46.9220767167|-68.0258996651
SJ108|46.8739283026|-67.5034257976
MN243|46.8452658724|-95.6395807895
SJ109|46.8997721259|-67.7331073237
ND434|46.8443396829|-97.8770262262
LS193|46.8165375589|-90.6865847039
SJ144|46.8347041552|-70.1459890314
SJ135|46.8610373544|-68.5030301201
MN246|46.7571796584|-95.5062881760
ND325|46.8219794938|-103.9909080620
ND422|46.8110856436|-98.9310653319
ND322|46.7935878976|-101.5165945790
ID144|46.7698596434|-116.6607360250
ND311|46.7897622689|-103.1847494020
MT307|46.7674787786|-113.0686763920
SJ136|46.7069916665|-68.4877210999
ND412|46.7044209364|-97.0766577431
ND316|46.7237099729|-102.7824788420
ID143|46.8086859046|-116.4156346160
ND319|46.7284644115|-101.8589451250
LS410|46.7218819198|-84.3575299308
ND423|46.7090249016|-98.7034185787
SJ150|46.6690126951|-68.8277304593
ND428|46.6252758354|-97.2292388981
SJ139|46.6435998054|-68.2808930977
SJ152|46.7265448307|-69.3578847896
MN261|46.6041508651|-93.4594612342
SJ151|46.6155980542|-69.5920014704
SJ110|46.6416135755|-67.8725360560
ND424|46.5248409552|-98.5799047162
ND313|46.5224181484|-103.0298909290
ID145|46.6519248798|-116.8108143870
SJ111|46.5463782752|-67.5744905647
SJ145|46.5590864894|-70.2561128282
MN123|46.6136262330|-96.7411197655
ND312|46.5567156138|-103.2026290680
MT304|46.5368404469|-112.5451594800
SJ146|46.5285223592|-70.1636693410
SJ112|46.4820798220|-67.4405682668
ND425|46.5353442728|-98.0713186701
ND410|46.5209238914|-98.3328590872
SJ140|46.5318903723|-68.3536162206
ND413|46.5279425303|-96.9125267894
ND320|46.4973585303|-101.8332831330
SJ141|46.4132749862|-68.4663127553
MN111|46.5281871201|-96.4861695192
ND315|46.4081136719|-102.7027191440
ND417|46.4487898067|-97.3970736598
ND427|46.3982866807|-97.7950478094
ND318|46.3757663848|-102.2247857130
ND426|46.3584594057|-98.5987635410
SJ147|46.3736234105|-70.2851092513
MI161|46.4073973613|-87.7720983268
SJ114|46.3549877715|-66.8215378270
MN112|46.3622687141|-96.5490647514
ND443|46.3688595973|-96.7845508238
MN127|46.3277827950|-96.4697566981
LS372|46.2885791421|-89.3434341486
ND430|46.3221783764|-96.9908241830
ND415|46.2559283015|-96.9742523434
MT303|46.3451289866|-112.8728292280
WA107|46.3365840789|-121.1557274900
SJ116|46.3300832256|-67.8482809170
WA106|46.2285345012|-121.0018645680
ND326|46.2465655599|-103.7936190210
WI101|46.2516373305|-92.1601232629
ND314|46.2853950798|-103.3707070540
SJ142|46.3237263497|-68.3624651845
SJ143|46.2486004535|-69.3615570884
MN249|46.2451755790|-95.0694305840
MI151|46.2606176235|-84.3589277345
WI112|46.1588944732|-90.7631613028
ND439|46.2067588017|-96.8424187674
ND437|46.2021512751|-97.1419945266
SJ153|46.1479802125|-67.6617815307
ND409|46.2118127218|-98.0827465952
SJ148|46.1671182767|-70.3739227341
SJ113|46.2069060740|-67.2693666148
MI156|46.1053275901|-85.7488026054
MN266|46.1651475342|-92.3285439185
ND436|46.0943342724|-97.3425350387
ND408|46.1126885328|-98.5707912056
MN263|46.0730476139|-93.7996113422
ND438|46.1215766345|-96.9458661852
WI111|46.1282076834|-91.3447558684
MT308|46.1814271377|-113.4780473540
SJ115|46.1368293762|-66.5995255243
MN265|46.0169557852|-92.7715468576
SJ117|45.9079097440|-67.4628742516
MT301|45.9050429735|-112.7154856060
SD207|45.8322262242|-98.6412525950
ID128|45.9077097115|-115.6329127420
ID126|45.8857098947|-115.4449028880
MN303|45.8773818977|-96.2147115172
SD102|45.8397261260|-102.1660578230
SD106|45.8538571890|-101.3170106660
MN407|45.8272006572|-93.6642668715
MT404|45.7364096921|-107.7306982880
SD202|45.7866322440|-97.8386111800
MT405|45.7984302726|-107.6166380430
SD211|45.7796405787|-98.9214602308
OR131|45.7558892965|-118.0478209360
WI113|45.6809511547|-91.3760017963
MT406|45.6989320966|-107.6263698820
SD209|45.7544814653|-97.0272701166
SD212|45.6537717246|-96.9960260051
ID127|45.7153716203|-115.7110625780
MT413|45.7110250975|-106.6659789880
OR132|45.6559215623|-118.2673434920
MT410|45.6752863441|-107.5095495700
MT419|45.7158933542|-104.3821187090
MT414|45.6227181978|-106.5073182930
MN408|45.5696562238|-93.3133598102
MT407|45.6189092235|-107.6666033690
MN255|45.6412443288|-94.9605636634
SD107|45.6048401710|-103.9801500060
SD208|45.6021403448|-98.1064531433
MT412|45.5918416942|-106.8534661000
MT411|45.5336831977|-107.2067484050
WI104|45.5200547821|-92.6573703441
MT415|45.5664371758|-105.5413874040
MT408|45.5112730917|-107.7076637760
WI114|45.4814960548|-90.9479122465
SD201|45.5193789483|-98.9300428992
WI209|45.4986929056|-88.6829208129
OR133|45.5576998373|-118.4532193490
OR134|45.4483887323|-118.2100564820
WI105|45.3905709085|-92.2563356149
SD105|45.3782488498|-101.6322182200
MI143|45.3700085353|-84.4528781649
MT409|45.4128902121|-107.3996741520
MN334|45.2875492759|-95.8295727138
MT417|45.3400090968|-105.1969689720
SD101|45.4158041887|-103.5370927420
SD210|45.3296552339|-96.8520218458
WI117|45.2588419360|-91.6243248607
OR144|45.2083545929|-118.5957302530
WI115|45.1578791340|-90.9583877105
MN258|45.2356289614|-94.5523897151
MT420|45.2194387950|-107.3916933710
MN336|45.1140606455|-95.7465548922
MT416|45.2512390615|-105.3470181510
SD108|45.1636059698|-103.2403670370
WI211|45.1378759409|-88.0139980704
OT270|45.0766366563|-78.5512374652
SD103|45.0287737292|-102.2430964550
MT418|45.1167875463|-104.3610978150
OR142|45.0645343393|-118.8136030790
ME114|45.0954830796|-69.7894164012
MN305|45.0658935858|-96.2549108838
OR143|45.0499616413|-118.4596121560
WI303|44.9050719642|-91.5685045691
ID117|44.9427115220|-116.3798012860
OT257|44.9236692738|-75.2280549524
WI304|44.8799425007|-91.8096814771
ID116|44.8749048654|-116.5759713480
OR140|44.8847268894|-119.0149876910
ME216|44.9217928061|-68.8717272879
MN306|44.8630277121|-96.2031224953
WI401|44.8386067473|-89.4682856072
MN307|44.7847007445|-96.1232968033
WI436|44.8071343635|-88.1838270525
OT265|44.8295518003|-77.6544440879
NY101|44.8663502932|-73.5353417210
MN327|44.7513660505|-94.8023629339
NY102|44.8289491304|-73.6159715082
WI435|44.7702239363|-87.5053989622
OR141|44.7695228375|-118.6552483000
ME217|44.7802432094|-69.1292928816
WI411|44.7386376399|-89.0739580056
OT261|44.7209906390|-76.9552726739
OR139|44.7595103063|-119.0881789600
ID141|44.7352110685|-113.4452589400
SD109|44.6799489175|-103.4990513440
ID142|44.7545396415|-113.7103993250
MI141|44.6643682236|-85.8430041618
MI148|44.6587553313|-83.5838553701
MI139|44.7184624870|-84.6933131863
VT103|44.7031593356|-73.0315222806
SD203|44.7036095637|-98.4449835402
ID115|44.6740688719|-116.4433950290
VT104|44.7020471587|-73.1206292406
SD104|44.6080707249|-102.2791220660
OT267|44.6027847868|-78.4399395020
NY104|44.6230469416|-73.7817611344
ID113|44.6512653480|-116.8022563930
WI308|44.5840217265|-91.5614414031
WI406|44.6309594748|-89.4261798780
NY103|44.6531503471|-73.5774768876
ID114|44.5629978301|-116.5776544910
MN325|44.5471778022|-95.3198495495
ID140|44.6208571687|-113.3116266610
OR138|44.5875724834|-118.4837153860
WI438|44.5533279062|-87.7108349028
OT260|44.5366436653|-76.6769333684
OR136|44.4931797968|-118.6814811620
ID118|44.5451428796|-116.4287180420
SD110|44.4970572995|-103.1775224360
MN324|44.5332730951|-95.8063738819
MI112|44.4714439030|-85.0788496235
NY105|44.4810089289|-73.7983475362
ID131|44.4512879350|-115.0404233070
MN323|44.4702912416|-95.1251057960
MI111|44.4091695273|-85.5496050040
NY445|44.4606634226|-75.6987989384
MN509|44.3945649415|-95.2682375538
ID139|44.4669884767|-113.2385960960
OT262|44.3875656735|-77.2048648685
WI439|44.4073516516|-87.6901151224
OR137|44.4105882030|-118.6061640000
MI107|44.3832941688|-86.1488962618
ID112|44.4056747931|-116.6869460940
MN516|44.3265583839|-94.6143177398
OT269|44.3163884918|-78.9327789656
MN414|44.3182326726|-92.4025644396
OT259|44.2839628120|-76.6427387608
MI147|44.2831025212|-83.6321292452
MN514|44.2778099575|-94.8055345612
MN309|44.3669324655|-96.2895625795
OR106|44.3130560670|-118.4192633440
MN322|44.2658177517|-94.2443298301
MN513|44.2665866136|-94.9272355254
MN512|44.2462719219|-95.0584332907
MN503|44.2450723787|-95.6846325744
MN502|44.3251066849|-95.7489747563
MN508|44.3223365800|-95.1364637573
MN511|44.2339907075|-95.1888865317
ID137|44.3075050219|-113.7985410840
MN510|44.2325301423|-95.3701338917
ID130|44.3321767005|-115.4656342100
NY106|44.3095913842|-73.3990051853
ID132|44.2731014473|-114.9997661380
VT105|44.2913541922|-73.0661895308
MN515|44.2465239196|-94.7327022422
OR108|44.2287249621|-119.1100089950
VT106|44.2886308994|-73.2334160585
MN415|44.1520712418|-92.2252512325
OR101|44.1856182048|-118.2022695560
OR105|44.1819656128|-118.6064345610
OT264|44.1563156412|-77.8115498819
NY107|44.1505585405|-73.4340763861
SD301|44.1560102451|-101.1164874960
OT263|44.0671610136|-77.1800043261
ID135|44.0881786881|-114.4641287530
MN321|44.0475324832|-94.7342262328
MN313|44.0461462924|-94.9753053198
SD304|44.1653295656|-101.6739966500
WI437|44.1019484726|-88.1716191354
MN505|44.1161173721|-95.4497453183
MN506|44.0306033122|-95.4353442248
WI312|44.0315909572|-90.2011186377
MN310|44.1105047878|-96.3174039794
WI405|44.0187283473|-89.6667831811
OT268|44.0227296022|-78.5355878988
MN416|43.9488631125|-92.2082948739
MN404|43.8954446381|-92.7448771798
OT255|43.9134516300|-79.1071699718
OR110|43.9103810597|-119.2015601570
MN320|43.8844986136|-96.2011803460
OR102|43.9299539128|-118.6124192990
WI316|43.9202251432|-90.1073360532
MN405|43.8986619536|-93.4951694202
MN403|43.8828263301|-93.0578224850
MN343|43.8572056658|-95.3322580264
OT254|43.8808619940|-79.5661245416
SD303|43.8306134263|-101.7097474020
ID134|43.8856687015|-114.8042645240
MI154|43.8151230456|-83.1343774782
WI433|43.8686353455|-87.8575345418
OR114|43.8528784704|-119.7074550390
SD413|43.7948649121|-97.0003187805
OR103|43.7895923231|-118.2916080870
WI440|43.7763282747|-88.1615534694
OR113|43.8039716711|-119.4988849900
SD306|43.7993876400|-103.0844882630
WY142|43.7792122214|-110.1360982790
MI137|43.7973621622|-84.0810278689
MI132|43.8050425919|-84.4914561969
OR112|43.7819014125|-119.1136279400
SD309|43.7913277810|-100.6703297940
SD415|43.7067131326|-96.6113691507
MN329|43.7501312394|-95.4037931793
MN342|43.7259115408|-95.3047161163
MI155|43.7463579849|-82.7354743998
OR111|43.6625406222|-119.1468542450
WI414|43.7128419514|-89.7112074355
WI419|43.6882416106|-89.2900499422
MN332|43.6439652207|-95.2745234115
WI420|43.6384568606|-88.8488828319
MI136|43.6153096473|-84.4778552945
MI125|43.6011526900|-85.0262926559
WY134|43.6360953162|-109.9102345450
OR115|43.6440646443|-119.6568382930
WI425|43.5924936172|-88.1115885013
MI119|43.5660937202|-86.1954834934
OR116|43.5349964357|-119.6389318450
MI122|43.5352671504|-85.3109442588
WY135|43.5658037315|-109.7146187660
MI227|43.5931463636|-82.9416828609
WI413|43.5349848066|-89.8800186262
MN338|43.5698309969|-95.1793278503
MN315|43.5584256098|-96.2214191248
MI229|43.5500489491|-83.3339725543
MN339|43.5693036317|-94.7811958867
SD308|43.5151253418|-100.6529696840
WI315|43.4777496624|-90.0078864616
IA105|43.4387148532|-96.3122560854
OT253|43.4699473199|-79.8584070028
MI120|43.4993161467|-86.0439071396
MN337|43.5181234502|-95.0019969069
MI133|43.4701376769|-84.2347767796
MI131|43.4141383388|-84.7958375208
MI226|43.4072778255|-83.2853873556
MI224|43.4039325352|-83.6597958754
WI441|43.4275570951|-87.9504786350
IA111|43.3851235276|-94.6963812664
ID125|43.3824502199|-111.7038164940
ID109|43.3731905761|-114.6829323330
ID107|43.4179233576|-114.5764744970
ID108|43.3376744947|-114.8712691570
MI228|43.3366634067|-82.9529481752
WI422|43.3738450397|-88.8108897711
WI426|43.3183320505|-88.0847691090
MI135|43.2957177292|-84.4751102078
ID110|43.3140114968|-115.1845109270
MI126|43.3455954979|-85.6273614392
SD305|43.3810322217|-101.4982743610
IA202|43.2775551669|-92.9572349126
MI225|43.2747361015|-83.5969221690
SD410|43.3276938452|-98.1554014081
SD414|43.2477288328|-97.1681279425
NY202|43.3032831960|-74.9797504239
ID111|43.2805107548|-114.7032521690
IA110|43.2515769739|-95.1395638187
MI134|43.1830309335|-84.2383236717
MI129|43.1820726240|-85.4097497024
MI127|43.2343389217|-85.0791065448
NY413|43.1991073923|-78.5117613322
WY137|43.2152036935|-110.4136897320
ID124|43.2080199800|-111.6656437430
OR118|43.1349632484|-118.8802854730
NY204|43.1438419651|-74.7956504090
IA112|43.1836073791|-94.7674048653
SD406|43.1907944151|-96.8938695545
WY136|43.1855318337|-110.5195157230
OT252|43.1334332571|-79.6426531971
IA160|43.1017213897|-93.8876012599
ID123|43.1644297140|-111.7786387350
SD307|43.1616868843|-103.7533560890
IA104|43.1368588595|-96.1666946437
IA115|43.1476710506|-94.4315360540
SD411|43.1629362932|-98.2804685632
IA207|43.0705362206|-92.4269841388
NH104|43.1600921119|-71.2495021040
WY139|43.1071851077|-109.8227256310
NY414|43.1266877340|-78.3968994217
OR125|43.0933780231|-117.5907651860
OT251|43.0462195918|-79.3522002622
MI230|43.0944666810|-83.1744749872
SD302|43.0426999895|-102.3377346790
IA159|43.0584526416|-93.8425757992
WY122|43.0828420000|-110.0159792420
OR117|43.0875371953|-118.8923550140
NY434|43.0379183179|-76.4527577460
WY123|43.0691424404|-110.1696235300
IA101|43.0755955410|-95.2846033919
NY416|43.0469599577|-78.4698594036
WI443|42.9631701106|-90.2308467122
MI223|42.9483889874|-83.2032292451
IA164|42.9655207420|-93.7675721206
WY141|42.9502202389|-110.5847296200
WY127|42.9627572634|-109.6030374350
OR126|42.9772055156|-117.1564349740
NY432|42.9054936221|-78.3712510450
WY119|42.9272338104|-110.2012390820
OR127|42.8833560424|-117.4429585600
ID101|42.9126103541|-112.0549878780
IA152|42.8752297093|-93.7033636800
IA158|42.9049890809|-93.9777612352
IA146|42.8826073213|-94.6749671887
IA157|42.8306116142|-93.8516648819
MI222|42.8851740688|-83.4740930483
OR119|42.8795766709|-118.8892845660
IA123|42.8919300923|-96.1670672717
WY126|42.8352540484|-109.3867923930
IA121|42.8030626777|-96.4578671996
WY132|42.8459408884|-110.8604014510
IA122|42.7874879175|-96.2764606601
OR121|42.7999794692|-118.8065393670
MI212|42.8117953187|-85.1825441156
ID102|42.8176410975|-111.9527378180
WY120|42.8384566120|-109.8416010900
IA216|42.8231734771|-93.1937567833
IA215|42.8260415986|-93.4719492325
IA125|42.7448498138|-95.8010006931
IA163|42.7821626984|-93.7104967584
WY121|42.7702751028|-110.2071288230
IA156|42.7276774405|-93.8417699097
WI428|42.7682859778|-88.7580256649
OR120|42.7477334525|-118.6663511040
IA233|42.6974014747|-92.2069427298
WI430|42.6827124575|-89.2987336691
NY213|42.7425996423|-74.5815006337
IA228|42.6824551651|-91.6794013835
WY124|42.7614244398|-110.6745994960
IA138|42.6570253337|-95.0968526658
WI432|42.6907963024|-88.1137417977
OR122|42.6363278512|-118.8099818330
WY118|42.7339676665|-109.5867036170
ID106|42.6797121754|-112.2785731490
IA145|42.5918743448|-94.4431592664
OR128|42.6832580788|-117.8716682230
IA155|42.6511815345|-93.7405833967
WI442|42.6339378376|-90.1376064649
MI213|42.6338082076|-84.7498728572
IA217|42.6613023301|-92.7967573502
IA128|42.5786130137|-95.7846103807
ID105|42.6352089464|-112.1999655340
WY117|42.5955058476|-109.7956302890
IA219|42.5617670759|-93.0808690012
MI215|42.5636511970|-84.9716595781
WY116|42.5363140769|-110.2505660090
WI431|42.5582514732|-88.6813523902
MI217|42.5025225251|-84.1961599126
WI429|42.5254849049|-89.4983102855
OR130|42.5214430861|-117.0448948100
WY131|42.6044956507|-111.1097924440
IA229|42.5533829598|-91.1235310356
WY115|42.4926610176|-110.1922749060
NE211|42.4713959643|-97.1039547843
IA153|42.5367604927|-93.9164068131
NY215|42.5322840161|-74.6121639715
IA225|42.5343549418|-91.6572321095
IA126|42.4695344479|-95.6317956187
NY409|42.4544060577|-79.0652000048
ID104|42.5068678361|-112.2834243160
MI219|42.2985259745|-85.7720429442
MI220|42.4677715227|-85.4203989618
IL103|42.4211241198|-89.6064160286
ID103|42.4493657245|-112.1469574130
MI233|42.3893687632|-84.2740266431
MI232|42.3692956535|-84.9683017581
WY130|42.4389784119|-110.9853041550
IA149|42.4184924772|-94.0162243106
MI218|42.3182446355|-84.6930053039
IL112|42.4124729476|-88.3888805932
IA227|42.4063450456|-91.4883907250
NY406|42.4303586706|-78.6337168091
NE201|42.3434627799|-97.6517212225
IA130|42.4049930511|-95.4132134283
WY125|42.4470051272|-110.5831584020
IL102|42.3168747473|-88.6638104773
IA135|42.3068765700|-95.1504363797
IA223|42.3509481242|-92.4612051624
NE213|42.2975712849|-96.7937900007
MI203|42.2196478220|-85.3593145840
NE212|42.3210970201|-96.8553084827
NY408|42.3670413841|-79.0518167559
WY114|42.3897387443|-110.1382984140
NE210|42.3479465188|-97.2004321917
NY505|42.2947642941|-74.3168884188
NY410|42.2982932710|-79.3910668774
IA230|42.2861441253|-91.1064436611
NE229|42.2415419112|-96.9248218043
WY112|42.3076888551|-110.2726767450
WY129|42.3400566100|-110.8755054650
NE228|42.2293210529|-97.1209380558
WY113|42.2186029296|-110.2948746380
OR129|42.2877179386|-117.5680344270
NE206|42.2862426739|-97.4323525579
MI204|42.1258076120|-85.2218416281
NE202|42.2358304384|-97.6113446168
MI206|42.1757354434|-84.9875822346
NY411|42.2211422555|-79.1559453308
NE205|42.2029041590|-97.4724997898
ID119|42.2911078752|-116.3717285820
NY504|42.2193140984|-74.2213999944
NE208|42.2053809407|-97.1652759029
IL104|42.2067987325|-88.4165343311
IA134|42.2499438752|-95.4332517068
IA133|42.2400615656|-95.5997977521
IA209|42.2379716270|-93.5626665770
MI202|42.0281559703|-85.7215980795
NY513|42.2228488276|-74.5904131250
IA141|42.2092348641|-94.5667875537
MI205|42.0844679842|-84.7969542469
WY110|42.1864874538|-110.7348362730
IL101|42.1945389770|-89.6347594999
MI201|42.0452032871|-85.2936551997
MI301|42.1056519482|-84.2551435811
MI211|42.0262941052|-84.9517420657
IA212|42.1791613471|-92.9094442442
NE204|42.1556581061|-97.4198960172
NE207|42.1429530722|-97.2013385260
NE203|42.1483512506|-97.4916736472
IA231|42.1675431533|-90.6814743540
NY512|42.1588532885|-74.7906367399
IA142|42.0671058153|-94.7503080875
MI306|42.1066149736|-83.7434894556
IL105|42.0505569958|-89.5158284879
IA210|42.0942996939|-93.3993558656
NE215|42.0550893397|-96.6403564855
PA118|42.1086517082|-79.8163540949
WY111|42.0974301334|-110.6733583840
IL106|42.0269207541|-88.8821512723
NE209|42.0140924359|-97.1361763534
ID155|42.0520777299|-111.5673455450
NE214|42.0087428782|-96.8165139529
MI307|42.0064712130|-83.7665555857
IA407|41.9686914440|-92.1620746092
MI101|41.9674797433|-84.4455110580
IL107|41.9590118678|-89.6733890043
MI309|41.9679997085|-83.7528734947
PA110|41.9776510901|-79.3385667185
MI310|41.9397638157|-83.5401042629
MI102|41.9092112365|-84.4770838501
IA304|41.9022696156|-95.1510311690
MI313|41.9397201321|-84.1851710525
MI314|41.8828953588|-84.1591535555
MI311|41.8782205872|-83.8584651483
NE223|41.8908428059|-96.4541265743
NE216|41.8358544063|-97.1351535383
MI209|41.8793712871|-85.5841785820
NE220|41.8379511744|-96.8193790971
NE222|41.8350231413|-96.5862361462
CT101|41.9048809079|-73.2655576684
NE218|41.8235845403|-96.9805945383
PA111|41.8865270187|-78.3569067325
IA301|41.8673310642|-95.3533212435
MI210|41.8536590651|-85.3016064435
NY503|41.8860407887|-74.5965470277
MI208|41.8543994015|-85.7935452091
PA131|41.8462917645|-75.9552899500
MI315|41.8256199508|-84.1078328034
IA303|41.7877442225|-95.0712883052
MI104|41.8330037276|-84.5584568796
MI312|41.7757647875|-83.8923920714
MI105|41.7772972956|-84.6501763487
MI207|41.8436032932|-85.9389375397
MI103|41.8052655047|-84.3548712185
IL108|41.7547660709|-89.2050354120
IA408|41.8135271108|-92.5975708594
IA305|41.7351452520|-94.8217305778
PA109|41.8126668058|-79.7966674678
NV101|41.7968869027|-116.9837790600
UT140|41.7561471652|-111.4737775860
PA101|41.8048984289|-75.3530908429
PA108|41.7942647445|-80.1703715631
NE217|41.7721159642|-97.0658714670
NE221|41.7134196598|-96.7898354415
PA102|41.7453160596|-75.1946848387
PA125|41.7629636455|-78.4007883389
NE219|41.7064757317|-96.9735305361
MI106|41.7035104604|-84.6497681964
IA318|41.6935087595|-93.8822952642
PA103|41.6968827446|-75.1439604232
IN203|41.6506737306|-85.6233650720
IN202|41.6993885460|-85.1759697621
IN201|41.6965392056|-85.4321254438
IA302|41.6407662168|-95.2366495883
OH129|41.6291236357|-84.2361588347
IL113|41.6956386507|-88.7444310964
OH148|41.6110255214|-81.0487815886
NE224|41.6261054739|-96.6226933346
IL110|41.6621439569|-89.6233750875
IA409|41.6364941761|-92.3619395248
IA404|41.5694917966|-92.6550129726
NV105|41.6354429179|-116.1206743830
IL109|41.5655200668|-89.8402788179
NV106|41.6506905802|-116.2103674620
IN302|41.5862666683|-86.5024277956
IN205|41.5484170885|-85.6642451623
IN207|41.5919923936|-85.2754165661
IN301|41.5376946752|-86.3452690949
PA106|41.5970974184|-75.1474597807
OH149|41.6245971004|-80.8680914749
IN320|41.5308009586|-86.2190016825
IA403|41.6064751295|-93.1015836582
NV114|41.5647242115|-115.2547952040
UT139|41.5584822639|-111.5617622290
PA112|41.5336443447|-78.7731964191
IL114|41.4643051192|-88.9571792405
NE225|41.5312773426|-96.5050938646
NE226|41.4568030884|-96.2854256154
IN319|41.4460010719|-86.2422986483
IN206|41.4522574927|-85.5050093715
NV109|41.4862104155|-115.8238149060
NY514|41.5361896000|-73.5896044607
IN305|41.4361092723|-86.8321776656
NY518|41.4903816009|-73.6625796366
IA405|41.4104030745|-92.4736650560
NV115|41.4749609431|-115.1546426110
IL117|41.4524253461|-88.4188857698
WY105|41.3948238497|-110.2024395130
NE227|41.3509667824|-96.3564634305
IN308|41.3220093278|-86.8104448710
IN312|41.3215923405|-86.6782505135
WY106|41.3448573520|-110.4065193380
UT138|41.3597524393|-111.5511146010
OH105|41.3431001649|-84.4625565389
OH103|41.3718362731|-84.7521044934
IN318|41.3806299684|-86.1203858963
IN311|41.2904172431|-86.4687586922
IN321|41.3099537529|-86.1955482088
IN316|41.3434880713|-87.3168000068
NV107|41.3548416978|-116.1148108680
NV113|41.3558242650|-115.3578755960
IA307|41.3316234703|-94.9787614322
NY515|41.2713545690|-73.6041971720
OH147|41.3146461000|-81.2254212149
NV110|41.3330217807|-115.7882257770
NV112|41.2275012434|-115.3993797300
IA309|41.2280940389|-95.5176423446
NY516|41.2609723684|-73.7317454014
PA107|41.2774557469|-79.6719280073
NV108|41.2344126567|-116.2501118120
IA315|41.2100729210|-94.1110308158
IA316|41.1963200664|-94.4797193206
WY107|41.1821212067|-110.4375917300
IN309|41.1836336037|-86.9683952279
IA320|41.2355746949|-93.7888374979
IA406|41.2331557797|-92.2069829734
PA113|41.2234836641|-79.1083241695
IN332|41.1672864011|-86.3268333063
IN343|41.2001634270|-85.3946371943
IL118|41.1974383035|-88.5321420965
WY104|41.2207104263|-110.2106225860
IN314|41.2170845088|-87.2035029437
IA308|41.2311287135|-95.2367828084
IL120|41.1776673221|-88.9651551830
OH143|41.2167089253|-83.1721701450
CA135|41.1673831157|-120.2363373830
NV111|41.2029584101|-115.9337804960
OH108|41.1830717739|-84.1777564775
OH144|41.1681404219|-82.6509936342
OH146|41.1652640445|-82.0175870356
CA136|41.1556248000|-120.4905844380
OH106|41.1424453685|-84.3861735925
OH145|41.1359440712|-82.4045545281
IN345|41.1327340052|-85.6421665319
OH109|41.0888134700|-84.1598995062
IN346|41.0666786082|-85.8092603380
WY109|41.1319146809|-110.3827775220
WY101|41.1118360336|-109.8955102080
IN333|41.0497600140|-86.3251335755
IL121|41.0457182033|-88.1049690448
IN322|41.0314235532|-86.9689823409
IA310|41.0872244057|-95.3959590880
WY102|41.0465262074|-110.0871253440
WY108|41.1180680772|-110.5506498470
IA317|41.1369732773|-94.7526522771
OH110|41.0229782807|-84.4666454029
IL201|41.0898998508|-87.6815775641
WY103|41.0285084502|-109.9234163030
IN326|40.9438634467|-87.3652982268
OH120|40.9272966394|-84.4285524765
OH125|40.9179724186|-83.5578303377
OH122|40.9460966251|-84.5677460116
IL208|40.8929936201|-87.7984580398
OH123|40.9123854338|-84.6600351967
UT102|40.9161045888|-111.5755735170
IL126|40.8678353740|-88.7624452260
IN338|40.8646289950|-86.8267990334
OH127|40.9117425152|-83.6540110008
OH124|40.8298502958|-83.7649698506
IL209|40.8798529026|-87.8712872198
OH119|40.8653636183|-84.0821696307
UT131|40.8816706430|-110.3652329010
IL123|40.8690173693|-89.6831767509
IN324|40.8642854109|-87.1599978743
UT132|40.8025287384|-110.2378054660
IL124|40.8562219864|-89.3221320488
UT203|40.8830812579|-110.4368876070
IL204|40.8340606794|-87.5980136882
IL205|40.8287150938|-87.8571596219
IN330|40.8172984266|-87.4554840192
UT129|40.8099193509|-110.5826985580
OH126|40.7772403254|-83.7296035271
IN325|40.8157461913|-87.3022321673
CO210|40.7791537386|-107.2704294340
IL127|40.8176093419|-88.2085511779
OH116|40.7935028243|-84.7687443133
IN328|40.7590037482|-87.2023359850
OH115|40.7367844943|-84.6587338226
UT127|40.7885488057|-111.1227344770
OH117|40.7417333226|-84.4640975862
UT123|40.7939443969|-109.4676997700
UT126|40.7383921150|-110.9448560400
IL206|40.7089791695|-87.8055759277
UT133|40.7332453752|-109.7279687790
UT204|40.7045945358|-110.4599025270
CO124|40.7195793035|-105.9554665780
OH128|40.7074796036|-83.9147683334
OH142|40.7142060629|-82.2932214420
OH112|40.6504064952|-84.6822877545
CO123|40.7059980311|-106.6735319440
IN327|40.6938809717|-87.3281407135
OH121|40.6484781632|-84.0793308973
OH140|40.6505695281|-81.4682086166
UT128|40.6278541915|-110.7664541230
CA137|40.6077209927|-121.6001208610
IL207|40.6107313700|-87.8800183600
OH118|40.6080501419|-84.2749180109
OH113|40.6024244668|-84.5003849772
IL210|40.5915883840|-87.5914685425
UT135|40.5091936026|-110.9555527160
OH114|40.4393621281|-84.4784879395
OH141|40.4759546357|-82.3816014845
CO114|40.4429295088|-105.7833855260
CO116|40.4212551985|-106.6786822690
CA133|40.4281125761|-121.0000442470
CA101|40.4452508827|-121.3705603840
CO101|40.3861632370|-106.6869566920
CA134|40.3601781745|-121.3922718130
CO105|40.3683343362|-106.8242014460
PA121|40.3892227289|-78.2926329132
CA102|40.3774919262|-121.1746759630
OH139|40.3558603805|-81.6330686175
OH131|40.3239157339|-82.8876947409
UT124|40.2877649348|-111.2489141900
CO126|40.2746416542|-106.1572976380
CO113|40.2757713148|-106.0861852390
CO103|40.2088505166|-106.9222530480
CO104|40.1957299869|-106.7664680540
OH130|40.1495223327|-83.2669951772
CO112|40.1106548771|-107.0838762230
PA119|40.0973556635|-78.6120746350
CO102|40.0798832858|-106.8672077950
CO125|40.0915905333|-105.9639991400
PA114|40.1305591322|-79.0224317463
CA103|40.1034363053|-120.4403567800
OH135|40.0688747388|-82.1528325593
OH138|39.9883229234|-81.3965983067
PA115|39.9386215335|-79.0434127611
PA116|39.9461349702|-79.3216794269
CA104|39.9170321800|-120.3133495740
CO127|39.8850574405|-106.2208680780
CA107|39.8631303492|-121.2192482030
UT103|39.8417275828|-111.5062681400
UT104|39.8302742505|-111.5729061960
CO132|39.8231991963|-106.3298224840
PA117|39.7745644237|-79.5083693898
CA105|39.7933756969|-120.7524758840
CO129|39.7667192844|-106.8361697660
CO131|39.7177444126|-106.4002561910
CA106|39.7355732977|-121.0311658290
CO130|39.7035677543|-106.5152048970
UT137|39.6491932892|-111.2825188300
CA132|39.6728917993|-120.6189422730
UT112|39.6970585080|-111.4222203110
UT106|39.6543677200|-111.5814673190
OH137|39.6964935588|-81.5128124885
OH132|39.6383088882|-83.1927918208
OH136|39.6192588913|-81.7395039299
OH134|39.6200012331|-82.4364836434
WV110|39.5887454430|-79.5911666646
CO121|39.5026854108|-106.1964285550
CA130|39.5019198929|-120.5106474860
UT107|39.5517895161|-111.6460711530
CO133|39.5052118537|-106.6803811930
CA108|39.4904171547|-120.3033851220
CO120|39.4667355786|-106.9286729720
UT108|39.4891397023|-111.5220284840
CO128|39.4077312984|-106.0431907050
CO117|39.3612363504|-107.9103437220
UT136|39.4154468737|-111.2434239650
CO119|39.3633722760|-107.5450014290
CA131|39.3091337797|-120.4446509490
UT111|39.3129484599|-111.6859656400
CO134|39.2921489100|-106.5999290270
WV109|39.2352622818|-79.7549612444
UT110|39.2555787262|-111.5439329030
CA109|39.2634101043|-120.2177055690
UT109|39.2637817713|-111.4517077620
OH133|39.2613427075|-82.7845846812
CA110|39.1869302613|-120.4117300980
CO110|39.1115875666|-107.4021872160
CO118|39.1393124512|-107.8031422290
CO111|39.1252705489|-107.5315014610
CO109|39.1081664896|-107.3429804380
CO204|39.0849284712|-106.7894618590
CO115|39.0372496033|-108.1466076330
WV104|39.0511546872|-80.1857415482
CA111|38.9318403746|-120.1826947180
WV105|38.9213958965|-80.3341968832
CO108|38.9076560558|-107.2259430270
CO136|38.9223304777|-106.5943010700
CO106|38.9012629935|-107.3513701770
CO107|38.7687976319|-107.3168694840
WV101|38.7671220926|-79.9323402512
CA112|38.6952405003|-120.1815767180
CA113|38.7446179334|-119.9396128940
WV108|38.6694951627|-79.4940799844
UT113|38.6195627355|-111.7273783870
CA139|38.6067718217|-120.2157062290
WV102|38.6013636476|-80.0222484814
UT115|38.5861735067|-111.8538871510
CA114|38.5778905149|-119.6314420340
CA138|38.5369045431|-119.8940375590
CA115|38.5397457273|-119.7104779600
UT141|38.5287914386|-112.4857593560
UT143|38.4416350478|-111.7674638650
WV107|38.4865358937|-79.8747060007
CO149|38.4407963744|-106.3608074060
CA140|38.4215088611|-120.0777121680
UT114|38.4021175759|-111.8575358230
WV106|38.3685734064|-80.1107339040
CA116|38.3514198659|-119.5091706260
UT116|38.3409505538|-111.9592508460
CO152|38.2870324952|-107.4134259490
CA141|38.2698273436|-119.9801751450
CO151|38.1727719106|-107.1400381960
CO137|38.0951687336|-107.8946411030
UT118|38.0790159519|-112.0741169450
UT117|38.1024318460|-112.1442622080
CA126|38.0960895179|-119.1854128490
CO150|38.0489822101|-106.8339791110
CA146|37.8871013978|-118.7696580750
CA147|37.8734968022|-119.2893838180
UT120|37.8418814992|-112.1508048110
CO144|37.8474131715|-107.5778458900
CA143|37.8047599063|-119.5683034580
CO146|37.8624514852|-107.0893648150
CA145|37.8162562510|-119.0504195490
CA142|37.8228825393|-119.7047962730
CO138|37.8047347261|-107.7668262160
CO145|37.8009087560|-107.2914258690
CO139|37.7355137502|-107.9392174430
CA144|37.7171632341|-118.9510363840
CA152|37.6469155131|-118.6230616400
UT121|37.6608965982|-112.1638804870
CA148|37.6600575956|-119.6166212920
CA149|37.5972313978|-119.2784229990
UT125|37.5265310247|-112.7349586520
UT122|37.5543879857|-112.2733433910
CO140|37.5459361302|-107.9418436490
CO203|37.5785290645|-107.8191114300
CO201|37.4880961626|-107.2477002930
CO142|37.4722226925|-107.6223694430
CA151|37.3967929327|-119.0209622980
CO147|37.2548095399|-106.4565275340
CO148|37.1633924398|-106.5179583680
CA150|37.1546906898|-119.2258067140
CA124|37.0594735288|-118.8290384390
CA123|36.9645653718|-118.4367216860
CA119|36.6455070712|-118.3777113370
CA122|36.6626837552|-118.5323406540
CA118|36.4919202094|-118.2893958900
CA120|36.5011924429|-118.4788135210
CA117|36.4039106452|-118.2187976780
CA121|36.2532278601|-118.2031419730
AZ125|35.1939690700|-111.7460860210
AZ133|35.1850763401|-112.1709045880
AZ115|34.8462527251|-111.4427953070
AZ116|34.7428263629|-111.4267619280
AZ117|34.6371690907|-111.3534019500
AZ119|34.5120684355|-111.4732641990
AZ121|34.4755074039|-111.2133333380
AZ118|34.4608165135|-111.3953866890
AZ122|34.4609576042|-111.1265064280
AZ123|34.4572288967|-111.0501594970
AZ114|34.4421592783|-110.9568220320
AZ113|34.3777119483|-110.8180355500
AZ112|34.2988323871|-110.6351953510
AZ132|34.3246274107|-111.0689715170
AZ101|34.2953629012|-110.2005897570
AZ129|34.1695196573|-110.1045192470
AZ131|34.1805688086|-110.8117121180
AZ102|34.1184042789|-109.8082114850
AZ110|33.9233601589|-109.7386141770
AZ106|33.8771402527|-109.2558359360
AZ130|33.8341680717|-110.9288771620
AZ107|33.7796666083|-109.5604447740
AZ108|33.7653611836|-109.4731330520
AZ111|33.6593191662|-109.6313042440
AZ109|33.6520482165|-109.2936961780
SK106|51.2060638241|-103.0249614130
BC108|51.1594094667|-116.1439818500
BC109|51.0219410731|-116.2690608780
SK103|50.7237712930|-101.6877669550
LS263|49.9656236754|-87.8508198494
SK314|49.9500412477|-103.9828392470
LS460|49.4259939158|-87.8443380514
MB105|49.1412320305|-96.0939147923
LS255|49.1456860157|-87.8837324431
LS293|48.9807634306|-88.5805753637
LS235|48.8675814999|-85.8684423067
MN130|48.1252090483|-95.9810588847
MN105|48.1296919588|-96.7396545803
ND119|48.0841382280|-100.5985023150
LS400|48.0966830545|-89.8320579222
MN231|48.0629756282|-95.6434188707
LS417|48.0505159583|-84.1149012371
MN106|48.0081530400|-96.6682514639
MN232|47.9644487356|-95.6201081243
MN118|47.8998433093|-96.5317226115
ND245|47.9273571876|-99.7614654416
MN233|47.8575951694|-95.6308442916
SJ128|47.3834501290|-69.0931746444
SJ127|47.4014666729|-69.2920745778
MN122|47.3016832980|-96.6763392535
MN108|47.4493766059|-96.5306563023
LS132|47.4230452125|-91.9675428674
ND404|47.2387507593|-97.6599050968
ND420|47.2087099684|-97.4136347796
ND418|47.2524351183|-97.2059196452
ID148|47.2220260142|-117.0250330870
LS196|47.0155008466|-90.7579964903
MN109|47.1291520129|-96.4935072927
MT305|46.9722507363|-112.5516004370
ND432|47.0008508842|-98.1852700847
LS140|47.0610710647|-92.9535892921
ND407|46.9813744480|-97.0594529794
ID146|46.9904866028|-116.6698152710
LS194|46.9374885739|-90.5802998222
ND406|46.9717461567|-97.3969804927
ND317|46.8955552454|-102.5824190470
ID147|46.9599201973|-117.0336993610
ND405|47.0188708589|-97.5627032600
ND310|46.9957321411|-100.5294836730
ND411|46.7932927672|-97.1321939980
MN110|46.8118126236|-96.4953411881
LS192|46.6080355243|-85.9870417549
MI163|46.3540061457|-86.3400309520
MI164|46.3306129625|-85.8146086572
ND421|46.3770060711|-99.7633914478
MN125|46.1087825140|-96.4007987703
MT302|46.0722072700|-112.9692215180
ND441|45.9855568441|-96.6273912053
MN304|45.7978500226|-96.2812799414
MI144|45.3939071712|-83.9633146465
MI140|45.0489081275|-85.0634154359
OT258|44.6121992694|-76.0263456307
ID138|44.5536538406|-113.7715395820
ID121|44.4929952734|-112.2631310200
ID120|44.4856120070|-111.8904347930
ID122|44.3481898495|-112.0470644200
OT266|44.3536400050|-78.0760067486
ID136|44.3774798705|-114.0481517690
OR107|44.1650630685|-118.8742800110
MN331|44.0635760022|-95.7606862960
MN319|43.9879016379|-95.8649035049
OR104|44.0241426330|-118.3981154870
MI142|43.9514613375|-85.9828467504
OR109|43.9823948766|-118.9366560650
MN402|43.8968625344|-93.7626632200
MN317|43.8972810765|-94.3498156248
MN318|43.9130950103|-94.0437112422
MN344|43.8796167840|-95.6951743942
OT256|43.8685435341|-80.0029796682
WY128|43.3673513486|-109.9705210580
WY138|43.2614727575|-110.1185007060
MI128|43.1714190433|-84.6361222378
IA116|43.1606295954|-94.0575676805
NY415|43.1560681860|-78.2005571883
MI231|43.1168033599|-83.9363454621
OR123|43.0401898126|-117.9616871160
OR124|43.0671528327|-117.7417585970
MI130|43.0079984822|-84.6531651854
MI234|42.9932287387|-84.1270315735
WY133|42.9859418446|-111.1633502770
MI235|42.9675979112|-86.0323572136
IA162|42.9972004508|-94.0960380514
IA161|42.8584553591|-94.0467680040
MI216|42.9061496346|-84.5373433448
MI221|42.8298912638|-83.9587841836
MI214|42.7418350342|-84.2304629219
IA148|42.7127523025|-94.0574636839
MI236|42.6089537721|-85.9416758581
MI304|42.1151096648|-83.8884447660
MI305|42.0623860904|-83.8775028169
NY501|42.0832791360|-74.3132255329
NY502|41.9785844832|-74.1890425809
MI308|41.9459807576|-83.8815676505
NV102|41.9093566840|-116.7623212400
NV103|41.9032928051|-116.5436767830
NV104|41.6376834589|-116.6379793250
WV103|39.0794914928|-79.9901669576
UT119|37.9581662876|-111.8486643280
CA125|36.9985383698|-119.0356387840
AZ128|35.2541311629|-112.1231618670
AZ127|35.2472829738|-111.9953816230
AZ126|35.2403578014|-111.8804711060
AZ124|34.9264534803|-111.5656401490
AZ134|34.9473075809|-111.6705582550
AZ120|34.6433217853|-111.4191763850
AZ103|34.0361120864|-109.6730556360
AZ104|34.0081649179|-109.5499306110
AZ105|33.9365640214|-109.4087162100
MN328|44.8607086845|-95.0427403244
MN421|43.5455869102|-91.7061077789
IA314|41.3977291758|-94.3238022441
IA401|41.8830536431|-93.1933338434
IA311|41.8434518504|-94.5978817111
IA312|41.7616051034|-94.2270019115
IA143|42.5122053833|-94.5704339467
IA140|42.3084849882|-94.8415302979
SD408|43.7913426837|-98.4374631000
SD407|43.3126406355|-97.9980436959
SD405|43.3167631213|-96.7189836550
IA120|42.9939738008|-96.3913446337
IA124|42.7056195534|-96.1606716812
MN341|43.8100526748|-95.0551075005
MN345|43.9352891348|-95.1274073888
MN330|43.7887255311|-95.5851873256
MN347|44.0689610202|-95.9526790403
ND212|48.4496900459|-98.5023917882
ND242|48.5231673084|-98.4330016295
IA119|43.2642254135|-93.5209207267
IA147|42.8771197594|-94.2320471504
IA113|43.1399522674|-94.2430123500
IA154|42.1595556272|-93.8022557498
IA144|42.7359715574|-94.5547352242
ND306|47.3925187160|-101.0283911040
IA201|43.3642592721|-93.2186908462
MN241|47.2531836858|-95.9271394305
IA232|42.8746467138|-91.5122681715
MN420|43.9071604298|-91.7450286032
MN418|43.5494155813|-92.1958010677
IA206|43.3677469204|-92.4248403721
IA220|42.4177098786|-92.7637064066
IA226|42.2863829570|-91.6079056772
MN411|44.3420520515|-92.9845067104
IA218|42.8415937617|-92.6045103298
IA204|43.2095257918|-92.7245019188
IA224|42.9036815277|-92.1612612982
IA205|43.4349892453|-92.9179582156
MN413|44.1350723708|-92.9062631983
MN417|43.7791150009|-92.4944143139
IA214|42.5102110855|-93.4640821942
MN238|47.4917927226|-95.3758775630
MN267|46.2305388595|-92.7158897602
MN268|46.3722245890|-92.5374857713
MN264|46.3494222812|-93.2701947068
MN252|46.1208245994|-94.1096989249
MN251|46.0445731158|-94.4341909824
MN256|45.4214361057|-94.8630263510
MN254|45.8377272471|-94.1955466589
LS170|46.5520975594|-89.8054510875
LS365|46.3343052334|-91.2664869044
LS161|46.5705937330|-91.6071665254
WI103|45.8768422189|-92.3570136245
WI102|45.7666644652|-92.6042388643
WI108|44.9314938702|-92.2858346552
WI109|44.8734297757|-92.5158308998
WI106|45.1405899671|-92.3930330967
MI160|46.5415549504|-88.1079189667
LS379|46.5315482081|-88.3967216840
LS186|46.7974390006|-88.3213839817
LS381|46.9248393567|-88.8139671322
LS183|46.8289714249|-89.2146558059
LS201|48.4021422111|-89.4870354243
LS486|49.6185623842|-89.7804472666
LS272|50.3017085684|-88.7331003782
LS281|49.8687568043|-89.1621128540
LS284|49.2569293130|-88.8172954403
LS495|48.9195110418|-88.9232067224
LS406|48.9576699137|-89.6003939136
LS204|48.7142974322|-89.8822120986
LS360|46.4543914435|-92.1600183542
LS150|46.8589943032|-92.6293871082
LS333|47.4040723262|-92.6691327121
LS130|47.1547994672|-91.6596442816
LS254|48.9315088338|-87.0594479007
LS241|48.9174327011|-86.1186486683
LS251|49.3208201382|-85.7022080195
LS429|48.4728032399|-86.0451607523
LS428|48.3447364136|-85.7026619285
LS427|48.0929802426|-85.1165918529
LS416|47.7915539169|-83.5503410295
LS415|47.5296830005|-83.2103773732
LS224|48.0147879657|-84.5306137359
LS389|46.4228298718|-86.5119367591
LS382|47.1753722353|-88.5045552522
LS180|46.5503559931|-89.3547210617
LS163|46.4633284475|-90.6454041928
LS393|46.3170895182|-85.5640763620
LS364|46.6963786372|-91.3926643050
IA221|42.2482327712|-92.2079092938
IA222|42.1860839187|-92.3233922150
MN114|45.9217602206|-96.4843219243
MN301|45.6945544406|-96.4181426003
MN302|45.5779575280|-96.3035731426
MN401|44.0568984707|-92.9818972564
MI302|42.0217342094|-84.0868931426
MI303|42.0797464385|-84.0182930957
ND207|48.8883127153|-98.3564285507
ND226|47.8753275544|-97.9812336959
SJ122|47.6712485524|-68.9976671765
SJ123|47.6980909923|-69.1945900911
ND304|47.0119782743|-102.3259773030
LS187|46.3490919107|-87.0951659851
LS390|46.5780597022|-87.6474974049
LS184|46.7610527667|-88.7035813214
WI208|45.2030686724|-88.6203636422
WI407|44.7989486680|-88.7846409457
LS371|46.4265100643|-89.8139631398
WI118|45.2209406387|-90.3071919273
WI119|45.1383406212|-90.2138267797
WI203|45.2325641308|-89.5580566766
WI207|45.1710337168|-89.0147873926
WI402|44.6057931322|-89.8426867907
WI301|44.9441040898|-90.9179959503
WI302|44.6932149778|-91.4400920888
WI307|44.3818390405|-90.6150176524
WI107|45.5545322716|-92.1079736067
LS335|47.1669877998|-92.4700675495
WI313|43.7988986236|-90.3721230280
WI314|43.6508601160|-90.8496951582
WI318|43.2893120500|-90.7565034269
WI317|43.0808718369|-90.3729241064
WI412|43.9458772639|-89.7107002678
MN419|43.6749826725|-92.1801903699
IA203|43.0467792348|-92.8760141293
IA139|42.5050144771|-94.8635727888
MN410|45.3435053672|-93.2424934104
WI110|44.7787357641|-92.2663486638
IA114|43.3892414400|-94.3287833283
MN340|43.7592559325|-95.1809863724
MN507|44.1302131936|-95.1131574180
SD402|44.2730742781|-96.6226029713
SD404|43.6310551147|-97.3083246849
SD403|43.5486636414|-98.2200840968
SD409|43.8933118547|-98.1377654262
SD401|44.3744344484|-97.8523037585
SD206|44.7424618397|-96.8154634778
MN326|44.7870897699|-95.7070539815
MN253|45.8300260734|-95.2639393293
MN409|45.8983840928|-93.1978975765
MN250|46.4406109244|-94.6594448551
MN248|46.6898566949|-95.0933749239
MN129|46.3661662258|-96.0602548374
MN113|46.1142065464|-96.4838557656
ND239|47.8194728614|-97.2886932266
MN234|47.8159506291|-95.9275672305
MN131|48.5680103018|-96.1588942483
MN223|48.5140317751|-95.7727391974
MN115|48.5678735387|-96.7047073876
MN101|48.7123747885|-96.9278287850
ND218|48.3110467663|-97.4430246761
MN335|45.3299877743|-95.4645613804
MN333|45.5324389738|-95.8401319751
MN257|45.1396628527|-94.8914772077
MN406|45.6959007182|-93.8074053955
ND433|46.7699618588|-98.0901962029
ND435|46.6253954102|-97.7617697515
ND431|47.2456862741|-98.1876988005
ND247|47.5719084509|-98.0356855385
ND234|48.3147549348|-97.8532366242
ND210|48.6956769647|-98.1386145469
ND243|48.9000282851|-98.2198383900
ND240|48.5373546744|-98.6746360031
ND241|48.6983547072|-98.8439696937
ND230|48.7014584447|-99.1896648823
ND205|48.4920383507|-99.1188264107
ND203|48.1070708700|-99.4299942497
ND201|48.3590929845|-99.6039115377
ND202|48.6375768153|-99.5023541911
ND118|48.0121555904|-100.8293932820
ND121|48.4886643805|-101.1698776770
SK111|51.0142262340|-101.6172121350
SK110|51.4371568169|-101.8852528770
LS162|46.5435717899|-91.0618999712
MI153|45.0626643815|-83.8071973739
MI110|44.7030428420|-84.9168963476
MI109|44.5678889318|-85.2517638456
MI108|44.2339364594|-86.1113182271
MI150|46.1933873339|-84.8746760343
LS394|46.3339963550|-85.0946751667
LS391|46.5303607105|-85.4043584222
MI152|46.3529379322|-86.0798560747
MI159|46.0842692606|-88.2021659099
MI158|46.1776650573|-88.3976567289
LS373|46.4925002487|-88.8637204969
LS366|46.3518306384|-90.4892003629
IA208|43.2994832068|-92.1287091224
IA402|41.8047898724|-92.7909074715
IA150|42.1620406580|-94.1349804102
IA313|41.9313565078|-94.4591599445
IA213|42.3675229692|-93.1830346060
MN262|46.8339597079|-93.6079142435
MN501|44.2349517972|-95.9188264652
WI423|43.2943807453|-88.5235471254
WI424|43.0920603152|-88.8893299448
MN990|44.7420655085|-93.7949499560
MI162|46.4319237926|-87.4645903509
ND414|46.3391225822|-97.2120962545
MN350|44.8374040833|-94.0964481309
MN349|44.5349407811|-94.3733737119
MN352|44.9923321765|-95.3088541411
SD213|45.1181993040|-96.6322817942
MN422|43.5822566315|-93.9413457199
MN351|44.9385415091|-94.5458887751
MN353|44.2509899312|-96.0406582112
MN354|44.3592334559|-96.1142787379
MN356|45.1191463895|-96.3887722236
MN357|45.4249276244|-96.6779589105
MN348|43.6484152859|-94.2371623252
MN355|44.7477550511|-96.3726042997
MN308|44.5832529928|-96.2833460466
NY435|43.3098674299|-76.5655899953
NY433|43.2360884954|-77.2167895576
NY443|43.2806463299|-78.0548583025
NY428|42.2597730127|-77.9350892264
NY426|42.6507303731|-77.9176618391
NY427|42.9103040709|-77.6240786940
NY429|42.7332947467|-77.0602793128
NY430|42.4546740927|-76.6407473198
NY431|42.8021112002|-76.5553120623
NY214|42.7303484033|-74.2350265354
NY210|42.8393864110|-74.8565392453
NY209|42.9088260271|-75.0053194426
NY208|42.9233472030|-75.1226099894
NY207|42.9133677706|-75.4620946757
NY436|43.4862589846|-76.1259404482
NY438|43.7066213467|-75.9313499007
NY437|43.9674105407|-76.0172324120
NY420|43.8609496704|-75.5504874015
NY444|44.1973794162|-75.2203156421
NY417|43.8330475303|-75.2966373698
NY425|43.7338658231|-75.3683125371
NY421|43.6831335291|-75.4351854204
NY418|43.6677401830|-75.0792407994
NY424|43.5262396762|-75.2753026927
NY422|43.4709857279|-75.4640804808
NY439|43.3744205326|-75.6842836720
NY440|43.1149796588|-75.6670267025
NY206|43.0953736623|-74.5093597629
NY205|43.1774026027|-74.6065725499
NY203|43.1836453307|-75.0051875159
VT110|42.8998052542|-73.0361713928
NY201|43.3952116296|-74.7257098028
NY423|43.4782723030|-75.1731547373
NH103|43.3133342700|-71.3369740631
NH101|43.4296079584|-71.3553735892
NH102|43.4560805516|-71.0618572081
VT111|43.4522028335|-72.8178948255
VT108|43.8489528786|-73.3068079210
VT109|43.9170013839|-73.1183815993
VT107|44.1271741688|-73.1801660228
VT101|44.9530055969|-72.8159658710
VT102|44.9455092602|-72.9082457555
ME104|45.4510464125|-70.0512414563
ME110|44.8716321316|-69.8202629992
ME208|45.5892848350|-68.3210973775
ME210|45.4612718719|-68.4811402864
ME202|46.1259671149|-68.9465855780
NH106|45.1719306986|-71.1827078268
ME101|45.5676790284|-70.5288859469
SK320|49.6508859703|-102.4351372450
SK311|50.0124602126|-103.1444419610
ND206|48.9068143891|-98.9462666606
MN117|48.4209541377|-96.3760264740
MN119|47.8115374403|-96.2931644471
MN120|47.4200999500|-96.2868294502
ND429|46.2520719508|-99.9997304741
IA102|43.3595047715|-96.1849401781
IA107|43.2466886621|-95.8315880588
IA106|43.1904733925|-95.7331081123
IA109|43.2351351638|-95.5444300715
IA127|42.8881526495|-95.6874130033
WI409|44.1145878945|-88.9818219392
WI434|44.2769824158|-88.6635869427
WI408|44.4424419509|-88.2969332732
WI417|43.7661045346|-88.6684717533
WI418|43.8886608705|-88.1978387381
NH105|44.4184108236|-71.4664718425
ME105|45.0862490790|-70.5325065594
ME103|45.6740151274|-70.2772587583
ME102|45.6241300122|-70.1626404743
ME111|45.6032026860|-69.7848920582
ME112|45.4158128698|-69.8854366499
ME113|45.4137508586|-69.5993461693
ME107|44.9238297120|-70.2177969492
ME108|44.8588950384|-70.2287595337
ME109|44.8501176826|-70.1190944924
ME214|45.2975733591|-69.4118414605
ME207|45.6903901637|-68.7745291654
ME211|45.4885195411|-68.9346335408
ME213|45.2300596402|-69.1163256409
ME209|45.4303886643|-68.6065123237
ME206|45.7823013181|-68.5321332042
ME205|45.9413709686|-68.3557406903
ME203|46.0666913645|-68.2510873049
SJ137|46.8447673893|-68.2168635107
SJ124|47.6117739611|-68.9109147895
SJ125|47.5114252654|-68.9888360284
WI309|44.8550165409|-90.5924140695
WI305|44.5214744900|-91.1520928689
WI116|45.7799813697|-90.8996692281
WI201|45.5472953886|-89.8251822778
WI416|43.8325053158|-89.2318975590
LS395|46.3796655972|-84.6217745661
LS225|48.2348128824|-84.5388756700
LS232|48.5341904681|-85.1589389056
LS462|49.6766996442|-87.6909809346
LS470|50.2403132289|-87.7081057168
MN128|46.9268989738|-96.2652529431
WI202|45.4843251189|-89.4241295061
IA108|43.4257290054|-95.3479147881
SK317|49.3219442893|-103.8230502660
SK306|49.5298714519|-103.6257418450
SK309|49.4587943761|-104.4397438740
PA134|41.3965809675|-77.5469377826
PA138|40.7720350033|-76.1783120679
NY448|42.6725646695|-76.1057088593
NY447|42.2369939970|-76.2425491787
PA132|41.4544792088|-76.4350680127
PA133|41.3369779725|-76.1095400649
PA136|41.1174903563|-75.7593580043
PA137|41.3468634982|-75.2469633031
NJ101|41.1727721944|-74.3508445402
NY304|42.6383855045|-75.2503053325
NY216|42.5882145045|-74.9525120196
ME119|44.2786243736|-70.3968199786
ME117|44.6533519258|-70.5815263874
ME118|44.5725678877|-70.8608614124
ME116|44.9009702360|-70.7296625921
NH107|44.8767464671|-71.4039662794
VT112|44.7363682412|-71.8883585045
VT113|44.5763004498|-72.2531884335
VT114|44.2110244255|-72.2756811107
NH108|44.2464613188|-71.6351116161
NH110|43.8146126551|-71.4370753161
NH109|43.8424289159|-71.9123302798
NY451|42.2677532739|-77.1097898273
NY450|42.5522593913|-77.3699693307
NY449|42.1974930090|-77.6234253186
PA135|41.0154598423|-76.9634356052
BC112|49.5588065023|-116.4017543520
BC101|49.2623285020|-115.6414274570
IN344|41.0742520350|-85.5438785420
MN504|44.1760849333|-95.6329006597
IL125|40.8190467451|-88.4176164826
IL122|41.3157237863|-88.0604267851
IL203|41.2148583134|-87.7116896450
IL202|41.2852674361|-87.6045398530
IN315|41.1412980974|-87.3562435301
IN313|41.3841949698|-87.0203896287
IN307|41.2661708147|-86.7316286774
IN334|41.1189416210|-86.5966525379
IN337|40.9201895414|-86.5335885328
IN336|40.9062775938|-86.3793659514
IN310|41.2560827337|-86.4188988963
IN304|41.3674236612|-86.5119760188
IN303|41.4450581231|-86.3795850461
IN352|41.4902245715|-86.1509679463
IN204|41.5061012466|-85.9031499161
IN331|41.2078260987|-86.1103091359
IN350|40.9492310078|-86.1596206242
IN349|40.9046363250|-86.0317808835
IN348|40.9392294796|-85.8629237675
IN347|40.9094321061|-85.8584875148
IN351|40.8632879366|-86.2263597180
IN341|40.7537672558|-86.6314132989
IN342|40.6753056735|-86.8638570525
IN340|40.7478015504|-86.9593659566
IN339|40.9245727916|-86.8963141657
IN306|41.5207948148|-86.8253677544
IN104|41.3619171642|-85.1590689100
IN102|41.4330727996|-84.9628195391
IN103|41.3697394971|-84.9081024384
IN109|41.2552987598|-84.9637044703
IN110|41.2464594047|-84.8515798708
IN111|41.1446140975|-84.8690425536
IN105|40.8265376596|-85.0690901693
IN107|40.9256740103|-85.0190829157
IN108|40.9033410000|-84.8657751475
IN106|40.7419747787|-84.8720937610
IN112|40.5762624477|-84.9535988469
NY407|42.6593085326|-78.9044142277
NY302|42.5621730491|-75.6988975533
ME212|45.3618357862|-69.1795032631
IN101|41.6270573152|-84.9025296754
IL130|41.7582618052|-88.9153966590
IL116|41.8255373882|-88.4704469385
IL111|41.9510021352|-89.1487926321
IL115|41.5669994305|-88.4392489210
IN317|41.3130364556|-87.4738701608
IN323|41.0096732363|-87.3592081382
IN329|40.6631563840|-87.4551658610
IN335|41.0580930618|-86.6947752356
MI113|44.3417674377|-84.9413075720
MI116|44.3029042869|-84.5260486310
MI115|44.1710858622|-84.8022371821
MI114|44.0292228067|-84.9147478563
MI117|44.0740594832|-84.5365012926
MI138|44.5370623620|-84.1217934689
MI118|44.2216120098|-84.2721013202
MI124|43.8880449543|-85.3465813220
MI123|43.8282839524|-85.1505934769
MI121|43.5766463499|-85.6460590650
SD412|43.9746727291|-96.8590166549
SD204|44.8711462982|-97.8255797076
MN124|46.0325695222|-96.4171530748
ND440|46.1449362219|-96.6261214872
ND442|46.0076311751|-96.6982977321
ND232|48.9286362410|-97.5156364076
ND216|48.7165623336|-97.4363955195
ND220|48.3129523873|-97.6302740173
ND236|47.5214621724|-97.8436984583
WI311|44.5403287818|-90.1737175654
WI310|44.8731302739|-90.0887961243
WI403|44.8645297652|-89.8496350652
WI204|45.0859190110|-89.8188269396
WI205|45.0344366346|-89.3095018168
WI410|44.5259158322|-88.8033437805
MI157|46.1227053012|-88.7296969447
WI212|45.9720441832|-88.7412815927
WI213|45.8710750684|-88.8271808177
MI149|46.2063183580|-88.0436213915
WI210|45.6482012880|-88.1851693883
MN991|44.7453070444|-93.7759078505
MN126|46.2772028574|-96.4198498566
ND227|47.7507277267|-97.7960263929
ND416|46.7580300874|-97.5784229692
MN239|47.6040003024|-95.8069221456
MN269|48.7726831622|-95.6927515344
MN271|48.6383907572|-95.6694569625
MN270|48.6006178183|-95.4182449851
MN242|47.1744629275|-95.8793799884
SK302|49.1688842953|-102.5780842190
SK303|49.2200978294|-103.1429953580
SK315|49.2179473718|-103.3597000080
SK310|49.7650604301|-104.0571390140
SK316|49.4126149926|-103.7990215840
LS421|47.2546984353|-84.4898307621
NY405|42.5071870235|-78.8084366259
NY403|42.5594932380|-78.6167008016
NY402|42.8468344375|-78.6123827025
NY401|42.7734652472|-78.4410301449
NY404|42.6525930653|-78.3451903742
NY446|43.0411305944|-78.3867130084
PA120|40.2394799329|-77.9568004017
PA122|40.7533388234|-78.1110114628
PA124|40.9834611018|-78.2416283705
PA123|40.9193003677|-77.5372470484
PA130|41.6641225880|-76.7272250544
PA129|41.5764800859|-77.1756097028
NY511|42.1257703029|-75.4646443175
NY510|42.1298513758|-75.3562125830
NY211|42.8782849318|-74.6751008290
NY212|42.8531318250|-74.3415810725
ME115|45.0792328978|-69.4627364788
ME215|45.1442033871|-68.7079115671
OH102|41.6448390131|-84.6592286755
OH101|41.5644528504|-84.7750726697
OH107|41.3000119479|-84.6514898786
OH104|41.5126336354|-84.3144266218
OH111|41.1290532649|-84.7318023265
PA127|41.5838061362|-78.0505880403
PA128|41.7757335910|-77.1649392085
NY301|42.4039227228|-75.9477725369
NY303|42.4148347675|-75.7091110095
PA105|41.7816195677|-75.5088126436
PA104|41.6989280705|-74.9429233024
NY509|42.1600852912|-75.0402903831
NY508|42.2858757973|-74.9019723903
NY507|42.3468961688|-74.6963842632
NY506|42.3875874250|-74.5276408818
WI206|45.5703343175|-89.0319572056
MI145|45.8979386857|-87.5110789751
MI146|46.0582905922|-86.9879763068
PA126|41.5782115431|-78.2948873275
MT103|48.9634383807|-110.2194334590
MT113|47.8902147511|-112.4341369410
MT112|48.1633261835|-112.5745026470
MT107|48.9263551444|-111.1425318820
MT108|48.6556090397|-110.7584011430
MT109|48.5621293480|-110.2511038790
MT110|48.8629251285|-109.4035791670
MT111|48.5908783427|-109.1233528470
MT205|47.9113626943|-108.3738631560
MT204|48.0967699463|-107.6312585810
MT203|48.6549995424|-107.3521738730
MT202|48.9597132565|-107.8130888210
SK322|49.1824513012|-107.7491809490
MT201|48.9196611695|-108.3853016790
SK321|49.1413926087|-109.0915771280
MT115|47.2510486706|-110.1807147470
MT114|47.2901241429|-109.8159029840
MT317|46.9303034964|-110.1782587320
MT318|46.8477599535|-109.7581967720
MT316|46.4239750689|-110.4178871810
MT315|46.2887914185|-109.8785617420
MT314|46.2360939292|-109.2647231060
MT319|45.9784383832|-109.1635728310
WY202|44.6457891103|-106.4989088120
WY203|44.7058350384|-105.8420442440
WY201|44.7236916077|-106.1904473700
MT423|45.1444951278|-106.8865611140
MT422|45.1920098039|-106.3424333070
MT421|46.1819740958|-106.4886861890
MT427|46.2238256874|-106.0396414830
MT426|45.8894718181|-105.3152815640
MT425|46.2967665776|-105.3698910150
MT424|46.5801851466|-104.8774662710
MT428|46.5790656673|-104.2172924270
MT214|47.3725426936|-104.4357921550
MT210|47.5454845033|-105.5270401020
MT213|47.0864934111|-105.6686504130
MT212|47.2625442472|-106.8475012340
MT211|47.1213588148|-107.4119946420
MT206|48.8045548026|-105.7171480120
SK401|49.1785342981|-105.7864298250
SK402|49.1026369747|-105.1343399780
MT207|48.7828653417|-104.6783534660
MT209|48.2907952137|-105.2206033310
MT208|48.3514988763|-104.8231261840
NY217|43.2917439838|-73.7833930640
VT118|43.3197907679|-73.0888888518
VT117|43.7768395413|-72.8335927698
VT116|43.9187719638|-72.8476202444
VT119|44.4320791454|-72.5749289650
VT115|44.9110305224|-72.5107316429
NY108|44.4945011170|-74.0195176714
NY109|44.3363309176|-73.6118624776
NY452|42.2502132538|-78.5608071098
NY453|42.0957870005|-78.6326219408
PA140|41.8542330537|-78.8510009633
PA139|41.8794777016|-78.6919868029
PA141|41.6032314440|-78.6804626791
PA142|41.2869849882|-78.6936437581
PA149|41.1576556855|-78.7868601943
PA150|41.0421510569|-78.7406926769
PA143|41.2275008607|-78.9283788298
PA144|41.0786662030|-79.2365169377
PA151|40.4776244520|-78.7580211956
PA145|40.8703662961|-79.4105359848
PA146|40.7714223149|-79.6385367356
PA148|40.6108360973|-79.6216854226
PA152|39.7641571998|-79.0547203394
MD101|39.6421495390|-79.3166275901
MD102|39.4150705493|-79.3909087851
WV111|39.4858878465|-80.8638366939
WV112|39.4019532541|-80.7496664502
WV113|39.3974857395|-80.4650113858
WV114|39.1459261000|-80.2338055231
WV116|38.6342309461|-80.3891899401
WV117|38.4088922990|-80.5243151642
WV118|38.2724804055|-80.6366071972
WV119|38.1376462560|-80.6796309291
WV120|37.9117276021|-80.8229417475
WV121|37.7853764762|-80.9228794114
WV122|37.6839565711|-80.4492900645
WV124|38.1056518605|-80.2789858142
WV125|38.2341471669|-80.0955547966
WV136|38.7156944426|-79.7959042260
WV137|38.8529711924|-79.6404487368
WV127|39.2419727145|-79.4977369809
WV128|39.1469782793|-79.5829731378
WV133|39.1082323994|-79.4219205705
WV134|39.1148258203|-79.3422522070
WV135|38.9679378897|-79.3491463243
WV138|38.7391419645|-79.5072613024
WV139|38.5734703401|-79.6967137204
WV130|39.0249499114|-79.8085193956
MN280|48.7017232792|-95.6481192420
MN279|48.9079216862|-95.9294472280
MA101|42.5935628682|-73.2434122584
MA102|42.1674373198|-73.0082872519
MA103|42.3689636004|-72.3947745249
MA104|42.3386433193|-71.6357299648
NH111|42.7706359756|-71.6662103232
NY115|44.1050181161|-74.2164653411
NY116|44.5530542598|-74.1770369438
NY454|44.0674812404|-75.4782305988
NY455|43.8899834249|-74.8419634181
NY456|44.1393490324|-74.7646880651
NY457|44.3861452757|-74.9265345932
NY458|44.6436610680|-74.9941549935
VT120|42.8063787894|-72.7366128987
MB134|50.0168703017|-97.5945806181
MI183|46.9369681290|-88.6191398560
MI176|46.6345713932|-89.4298236564
MI177|46.6407828886|-89.1394911239
MI178|46.6456178266|-88.8490305221
MI179|46.6497735689|-88.5519954710
MI171|46.3690324395|-89.2612172361
MI172|46.3741869478|-88.9716956758
MI173|46.3788059142|-88.6827010949
MI174|46.3829080088|-88.3930509686
MI175|46.3858589496|-88.1039364345
MI170|46.2582248789|-88.4243811198
MI169|46.2550994190|-88.7187743575
MI168|46.2502887979|-89.0107883030
WI217|45.9377845523|-88.4759745037
WI218|45.9408525804|-88.1892426610
MI167|45.9432012349|-87.9024684408
WI216|45.7640493349|-88.0999853965
WI215|45.7606637278|-88.3858694370
WI214|45.7565632033|-88.6716983997
MI181|46.7669583076|-88.9205088947
MI180|46.6524088922|-88.2533644605
MI166|45.7679857360|-87.5250505692
MI165|45.7663805291|-87.8115078539
MI182|46.9318152453|-89.0335782143
AK353|60.2105443472|-150.4971182990
AK354|60.1874477322|-150.6689257240
AK351|60.4434320459|-149.7268117700
AK350|60.5444164546|-149.6367447450
AK352|60.2676773430|-150.2163945140
AK348|60.6203007529|-149.4025410020
AK357|60.0757034214|-151.1971506710
AK356|60.0714861536|-150.8363771270
AK358|59.8330263375|-151.4380552460
AK362|60.5522844137|-149.1257613320
AK349|60.3164014307|-149.4117597090
AK346|61.4576271602|-148.8592834410
AK347|61.1017253903|-149.3597777430
AK345|61.9122449172|-149.5213665700
AK341|62.1848611638|-149.3230368700
AK340|62.2671085884|-149.6149116870
AK342|62.3416463514|-148.4687832160
AK338|62.6631651728|-149.0158672990
AK344|61.8334580848|-149.7320811720
AK339|62.2024518987|-149.8047682200
AK325|61.7441967859|-152.7455306880
AK360|61.8251806584|-151.9793848980
AK361|61.7988309086|-151.6214539610
AK330|62.1017064523|-151.9604457400
AK331|62.2751269587|-151.9403174840
AK326|61.9828462950|-152.6045611290
AK334|62.6306278443|-151.7685987200
AK336|62.5339828874|-150.8898880740
AK333|62.4797185559|-151.8305402150
AK332|62.3013047604|-151.6578703320
AK327|62.0917658374|-152.6651046090
AK328|62.2543777156|-152.4063509920
AK329|62.1532943737|-152.2631307710
AK335|62.4628556099|-151.1068760080
AK318|62.9072599447|-152.2265334130
AK319|63.0511000820|-151.8965792700
AK315|62.6944147767|-153.1346778360
AK314|62.3519411235|-153.4715372100
AK312|62.2266510442|-154.0337732120
AK320|62.0971298427|-153.5330770510
AK311|62.2183181483|-154.5149052170
AK321|61.9775798588|-153.2938736900
AK322|61.7818797642|-153.1888947990
AK324|61.6093298490|-154.3804941760
AK313|62.4544808065|-153.9785435280
AK317|62.8587210050|-152.4111302170
AK316|62.7191927862|-152.7348855400
AK301|60.6409005570|-158.5993625370
AK302|60.4610150543|-158.2589792170
AK305|60.8132462100|-157.3870939430
AK303|60.5873674071|-157.7225572420
AK304|60.6197011172|-157.5827887040
AK306|60.6856853980|-156.7384291720
AK308|62.5333664925|-156.6686736280
AK307|62.6085479570|-157.1595568170
AK310|62.7819162582|-155.9804714930
AK431|62.9788415132|-145.7092746900
AK432|62.9826388438|-145.3774275750
AK433|63.0793860766|-145.0536407780
AK435|63.0439010766|-144.6541260570
AK436|62.9328576685|-144.1667189970
AK434|62.9464363247|-144.9283112870
AK439|62.0063668691|-144.5603696450
AK437|62.3725550250|-144.4247726710
AK438|62.3477872249|-143.7787926600
AK417|63.7273572929|-144.9892965710
AK415|63.7059639332|-145.6554583290
AK416|63.7049950806|-145.8124524100
AK405|64.0170741017|-147.5872158320
AK404|63.9479607115|-148.4665332060
AK406|63.9129672885|-147.0863884630
AK401|63.7890421504|-149.3142932320
AK402|63.6856540420|-149.3138655320
AK403|63.6969382437|-148.5289734150
AK414|64.3987009234|-144.0132917610
AK407|64.9215226101|-145.1230028750
AK408|65.0830108640|-144.1432644690
AK409|64.9372168416|-144.2092858110
AK412|64.3725637632|-144.5495057300
AK410|64.4683715000|-145.7335982570
AK413|64.2954727050|-144.6655500590
AK245|64.7510370944|-142.9686086090
AK247|64.5662272265|-143.2073215250
AK246|64.6201955029|-143.5243539750
AK244|64.8374633371|-143.3253546190
AK424|64.1111487128|-143.4842029220
AK425|64.3795059108|-142.8475163210
AK323|61.6902961335|-153.6014139430
AK233|65.2137526980|-146.4838510360
AK236|64.9129896875|-146.6406113930
AK235|65.0772185911|-146.8126737350
AK239|64.7701180525|-145.9055802590
AK242|64.9932725203|-145.0870555550
AK355|59.9795455290|-150.4229681620
AK359|59.7344402250|-151.2896451040
AK241|64.9572681751|-145.3909935350
AK238|64.8420625996|-146.2202045990
AK234|65.1374697180|-146.0879721580
AK411|64.3890984700|-145.5208422330
AK240|64.9668538317|-145.7563017900
AK343|62.6268674707|-147.7532598980
AK337|62.6250558295|-149.3423756650
AK237|64.9998034421|-146.7608499240
AK248|65.0635957809|-144.9345675300
AK363|60.5733664554|-158.6165194890
AK364|60.5259561935|-157.9318392950
AK365|59.7400064947|-150.7357454410
NY459|43.7417023214|-74.5688829344
NY221|43.5238817987|-74.2801282869
NY222|43.5828140364|-73.9430654930
NY117|43.9690089496|-74.1563243633
NY118|43.9531425530|-73.8873263504
NY119|43.8913618916|-73.6052667152
VT121|43.6836205405|-73.1394461542
NY218|43.4612775761|-73.5830731739
NY219|43.1726699261|-73.3231548442
NY220|43.1842239100|-74.0129059740
NY519|41.9147569695|-73.6736951283
NY520|41.3504020446|-74.5125250327
MA105|42.3087841734|-73.3709277906
NY305|42.3155835449|-75.6597630891
PA154|41.3981100287|-76.8942146959
WV140|39.3296502259|-78.8981747738
PA153|41.7037629708|-77.7265488911
CO704|37.3761182915|-102.2709808480
CO701|38.0927305197|-103.2340036350
CO702|38.3653905307|-102.7422532530
CO703|38.0760211923|-102.2139888580
KS101|38.0150275929|-101.5512956330
KS102|38.2750493734|-101.1685370310
KS103|37.6410203667|-100.7505071590
KS104|37.3405311913|-101.1228150140
KS105|37.4756119885|-101.5726325750
KS106|37.7033221488|-101.8883322180
CO706|38.3724186629|-103.1676778070
UT201|39.1261525873|-111.5738886760
CO205|39.0655372500|-106.7647235070
CO206|39.5433252444|-106.3006649500
CO209|40.5854054511|-106.6994406540
UT205|40.8272415698|-110.5662415000
CO202|37.6905080110|-107.7498062050
CO207|40.7340662928|-106.6669912040
CO208|40.7368663629|-106.6580172180
cosmi|44.1919990439|-87.1394313917
AB111|49.5395490000|-110.3940360000
SK411|49.6323448215|-110.0068780810
SK410|49.4954530000|-110.0278910000
SK408|49.3731170000|-109.3050615000
SK409|49.5978140000|-109.3529855000
AB110|49.3187620000|-110.4005375000
SK406|49.4356246049|-108.2405209660
SK407|49.1936445000|-108.6624205000
MT512|48.7446300621|-106.9445005210
MT501|48.3956520000|-110.8119665000
MT502|47.8107400000|-110.1499405000
MT504|48.0221015000|-109.2218045000
MT503|48.6663555000|-109.6103400000
MT506|48.8052545000|-108.5907070000
MT505|48.5650040000|-108.5605035000
MT508|48.6281200000|-107.9050005000
MT507|48.4078680000|-108.1096280000
MT513|48.5172139812|-106.8632183110
MT515|48.3906386763|-106.2550835150
MT516|47.8485988710|-105.8422826580
MT517|48.0251020000|-104.6917595000
MT509|47.4353560000|-108.2957635000
MT510|46.7265940000|-108.2971405000
MT514|47.8989977827|-106.8819102080
SK404|48.9884100000|-106.6493170000
MT518|48.8747280000|-106.0912265000
MT511|48.2284129495|-107.2710190680
SK405|49.1886923519|-107.0491259780
ID204|47.8550552393|-116.0539555300
ID205|47.7021836981|-116.3784637100
WA201|47.2716151695|-117.2862760570
OR201|45.6981686179|-118.9653419570
WA202|46.1679335640|-117.0848245040
ID202|46.1285745102|-116.5175665350
ID203|46.3364495000|-116.2559760000
ID201|42.1343666920|-115.6148828600
ND506|46.1022270000|-102.3271885000
ND507|45.9442055000|-101.8483065000
ND508|46.4489400000|-101.2737880000
ND513|46.2479569053|-101.8293570000
ND509|46.9539642826|-101.4323930000
ND510|46.5730400000|-100.9071185000
ND511|47.0330593250|-100.1125058520
ND512|46.8741757802|-99.6126480731
SD503|44.9244015000|-100.0864445000
SD504|45.7647859679|-99.9449620477
SD505|44.5256655000|-99.7443315000
SD506|44.2687145000|-99.2161040000
SD507|44.7873675000|-99.1418825000
SD508|45.1812540000|-99.1138715000
SD510|44.8998356143|-98.6550837490
SD511|45.0441520000|-98.1021910000
OH205|41.5006118531|-80.7088634409
PA212|41.5360733718|-80.3747497569
PA211|41.4897006549|-80.0155844543
OH203|41.0371390979|-81.1457900391
OH202|40.9438114417|-81.2556688842
PA209|41.0973519599|-79.9999049669
PA206|40.7470583543|-79.0886065940
PA205|40.5410943417|-79.2912708353
PA207|40.4486608453|-78.9944145413
PA203|40.1191145602|-79.6548977207
OH201|40.5607867512|-81.1315515059
OH204|40.8270521605|-80.8843266487
PA210|40.8916748672|-80.4462245312
PA202|39.8061312754|-80.2084875730
PA201|39.7111694050|-80.1599916701
PA204|40.3254905337|-80.2409339847
WV201|39.4622619007|-79.9335529661
LS340|47.1018615608|-92.2956684533
AR101|35.9019972954|-94.4831919570
BC117|49.2044237256|-115.9949068930
BC118|49.3251355034|-118.8791546320
ID206|47.6251401194|-115.8517498240
ID207|48.6969926202|-116.7379850940
IL300|40.5862528808|-88.2292442630
IL301|40.3621383565|-87.8351939403
IL302|40.0097022146|-87.9440894531
IL303|39.8358279013|-87.6713900533
IL304|39.5587077341|-87.8976632402
IL305|39.1944398903|-88.3268218422
IL306|39.2471965034|-87.6718201217
IL307|38.8565218967|-88.5102512934
IL308|38.8694532953|-87.9041288670
IL309|38.3555639808|-88.3412598145
IN400|40.3231999861|-84.9718658849
IN401|39.9662306026|-85.0333731784
IN402|39.8544117703|-85.2492933282
IN403|40.0542188947|-85.3676218308
IN405|40.3579405412|-85.6756301672
IN406|40.6880650551|-85.7446037516
IN407|40.1971814324|-86.1261824718
IN408|40.3686995853|-86.3971502249
IN409|40.1327630743|-86.5989539137
IN410|39.9467535981|-86.6213772045
IN411|40.1402731741|-87.2418589242
IN412|39.6088473420|-86.7259871680
IN413|39.3876164145|-86.5651193607
IN414|39.1954201625|-86.9377652354
IN416|38.4539578234|-87.0968508387
IN417|38.9373782612|-86.6429293121
IN418|38.5589262607|-86.2892428582
IN419|38.5741628577|-85.9006345449
IN420|39.2733128191|-85.6818497832
IN421|39.6572132111|-85.5382968580
KS108|38.2534878836|-97.0798588929
MO101|37.3421984844|-94.1301641598
OK103|34.6555773041|-96.9633201022
OK108|35.2953856958|-98.5884606701
KS112|37.4125041629|-100.7341979020
KS111|37.7993201482|-99.2449485739
OK114|36.8568807228|-100.8738880370
IN415|38.7557525786|-87.0039142884
SD415_1|43.7563062046|-96.6109323126
KS107|37.9939416830|-97.1283103742
KS109|37.6584657639|-95.7468511718
KS110|37.9037831550|-95.5879584122
MN603|47.6703160125|-94.3329912479
MN604|47.8730656975|-94.5699399342
MN605|47.4020524040|-95.2224222101
MN606|47.2969074249|-94.7460231602
MN607|47.3191437321|-93.9356201844
MN608|47.1268390616|-94.2062131007
MN609|46.7738916603|-94.3324520321
MN610|46.5653158805|-94.4369166250
MN611|46.7442767573|-93.8070674178
MN612|44.3331605522|-93.5673592823
NM101|36.9503835524|-103.1649799170
NM102|35.7025901064|-103.7515823400
OH300|40.6530874924|-81.9360240800
OH301|40.9632111001|-82.3673082977
OH302|40.2121401207|-82.4050599551
OH303|40.6363310630|-82.9404871181
OH304|40.8474302982|-83.1069572235
OH305|41.1661035348|-83.6591787182
OH306|40.4861414468|-83.3206505037
OH307|40.5421832135|-83.6646604249
OH308|40.2615908380|-83.6494937890
OH309|40.3228998584|-83.9011921640
OH310|40.0328404938|-83.6451960393
OH311|40.2614311205|-84.3492912148
OH312|39.9691093026|-84.7130444902
OH313|39.8012966381|-84.7178210360
OH314|39.5427985373|-84.5418347389
OH315|39.2752518137|-84.1918698998
OH316|39.5914530263|-83.6662608295
OH317|39.5750683091|-83.5400610865
OK101|36.4637863925|-96.0035164514
OK102|34.8567530110|-96.8272648865
OK104|34.5678675637|-97.2048688272
OK105|34.4080332329|-96.8208762763
OK106|34.1596560312|-96.3802265982
OK107|34.9352749356|-98.0258378152
OK109|35.7846380973|-97.4096761675
OK110|35.8399939634|-97.7238467467
OK111|35.8453313988|-98.1348751933
OK112|34.3621368094|-94.9186248150
OK113|34.9963294569|-94.5228565066
WI504|45.6949151478|-90.8249337315
WI505|45.8774085092|-90.2309232591
LS252|49.5239456848|-86.1732503170
LS291|49.2061093116|-88.2098663050
LS450|48.8180080304|-86.6870413286
LS456|49.1992639113|-87.1954464711
MT600|48.8779926854|-114.3801228170
OR203|45.4144639823|-117.8536999200
WA300|48.0992489309|-117.2815412210
WA301|46.3400500005|-121.2102633010
WA302|46.1297748761|-121.1059326990
WA303|47.9881030141|-120.5820918210
WA304|48.6975834942|-120.1234088220
WA305|48.3681603793|-120.3207628170
WA308|48.3564267310|-117.4344268120
WA309|46.1478236488|-120.6619034690
ID133|0.0000000000|0.0000000000
NY110|0.0000000000|0.0000000000
IA151|0.0000000000|0.0000000000
MN236|0.0000000000|0.0000000000
NY517|0.0000000000|0.0000000000
PA147|0.0000000000|0.0000000000
WI415|0.0000000000|0.0000000000
UT105|0.0000000000|0.0000000000
WI421|0.0000000000|0.0000000000
WI427|0.0000000000|0.0000000000
IA117|0.0000000000|0.0000000000
ND308|0.0000000000|0.0000000000
WI306|0.0000000000|0.0000000000
ZZ000|0.0000000000|0.0000000000
IA103|0.0000000000|0.0000000000
IA137|0.0000000000|0.0000000000
IA136|0.0000000000|0.0000000000
IA132|0.0000000000|0.0000000000
IA131|0.0000000000|0.0000000000
IA319|0.0000000000|0.0000000000
MN314|0.0000000000|0.0000000000
MN312|0.0000000000|0.0000000000
IA129|0.0000000000|0.0000000000
IA306|0.0000000000|0.0000000000
ND211|0.0000000000|0.0000000000
MN412|0.0000000000|0.0000000000
WA108|0.0000000000|0.0000000000
ID152|0.0000000000|0.0000000000
ID150|0.0000000000|0.0000000000
WY204|0.0000000000|0.0000000000
WY140|0.0000000000|0.0000000000
ND233|0.0000000000|0.0000000000
IA211|0.0000000000|0.0000000000
MN346|0.0000000000|0.0000000000
AK421|0.0000000000|0.0000000000
SD205|0.0000000000|0.0000000000
IA118|0.0000000000|0.0000000000
NY419|0.0000000000|0.0000000000
IL119|0.0000000000|0.0000000000
ID129|0.0000000000|0.0000000000
UT202|0.0000000000|0.0000000000
